name,th_name,len,symptom1
Abdominal Aortic Aneurysm,ภาวะหลอดเลือดแดงใหญ่ในช่องท้องโป่งพอง,3,"['ก้อนในท้องที่สามารถคลำได้และมีการเต้นตามจังหวะชีพจร', 'ปวดท้อง (persistent abdominal pain)', 'ปวดหลัง (persistent back pain)']"
Achalasia,โรคอะคาเลเซีย - ระบบทางเดินอาหาร,6,"['อาการมักพัฒนาอย่างช้าๆเป็นเดือนหรือเป็นปี โดยมีอาการดังนี้', 'กลืนลำบาก เป็นอาการที่พบได้มากที่สุดในระยะแรกเริ่มของโรคสามารถมีอาการกลืนติดทั้งอาหารเหลวและอาหารแข็ง เป็นๆ หายๆ แล้วค่อยๆมีความรุนแรงมากขึ้นจนกลืนติดเกือบตลอดเวลา', 'อาหารไหลย้อนกลับขึ้นมาที่คอคล้ายกรดไหลย้อน', 'แน่นหน้าอก', 'ไอในเวลากลางคืน', 'หากเป็นในระยะเวลานานอาจทำให้น้ำหนักลด ขาดสารอาหารเนื่องจากกลืนลำบาก']"
Achilles Tendinitis,เอ็นร้อยหวายอักเสบ - กระดูก,1,['ปวดบวมบริเวณเอ็นหลังน้นเท้าอาจค่อยๆเป็นน้อยๆหรืออาจปวดบวมแดงเฉียบพลันจนเดินไม่ไหว มักปวดมากเวลาเริ่มเดินและดีขึ้นเมื่อเดินไปได้สักพัก เมื่อเป็นนานจนเรื้อรังอาจทำให้เอ็นร้อยหวายฉีกได้ เมื่อมีการลงน้ำหนักส้นเท้าผิดจังหวะ']
Acne,สิว - ผิวหนัง,1,['เริ่มจากตุ่มเล็กๆ อาจมีสีขาวขุ่นหรือเป็นจุดดำ หากมีการอักเสบจะพบตุ่มหนอง มีสีแดง หรือคล้ายฝี ทำให้เกิดความเจ็บปวดหรือแผลเป็น']
Acute Appendicitis,ไส้ติ่งอักเสบเฉียบพลัน,7,"['ปวดท้อง โดยเริ่มจากการปวดรอบๆ สะดือแล้วย้ายลงไปที่ท้องน้อยด้านขวา', 'คลื่นไส้ อาเจียน', 'มีอาการปวดเมื่อสัมผัสถูกท้องน้อยด้านขวา', 'มีไข้ต่ำๆ ซึ่งอาการอาจแย่ลงเมื่ออาการปวดรุนแรงขึ้น', 'ไม่สามารถผายลมได้', 'การขับถ่ายเปลี่ยนแปลงไปจากเดิม', 'หากผู้ป่วยมีอาการของไส้ติ่งอักเสบ ห้ามใช้ยาสวนทวารหรือยาระบายเพื่อบรรเทาอาการท้องผูก เนื่องจากยาเหล่านี้อาจทำให้ไส้ติ่งแตกได้ นอกจากนี้ผู้ป่วยไม่ควรรับประทานยาแก้ปวดก่อนไปพบแพทย์ เนื่องจากยาอาจบดบังอาการของไส้ติ่งอักเสบและทำให้ยากต่อการวินิจฉัย']"
Acute Diarrhea,อุจจาระร่วงเฉียบพลัน,5,"['โรคอุจจาระร่วงสามารถแบ่งตามอาการเด่นได้ ดังนี้', 'อาการอุจจาระร่วงเป็นอาการเด่น คือ ผู้ป่วยจะเริ่มมีอาการอุจจาระร่วงก่อน ซึ่งเป็นรุนแรงหรือเด่นชัดกว่าอาการอื่น ต่อมาจึงตามด้วยอาการอื่น เช่น อาเจียน ปวดท้อง มีไข้ โดยสามารถแบ่งออกเป็นกลุ่มย่อยได้ ดังนี้', 'ถ่ายเหลวหรือเป็นน้ำ ผู้ป่วยมีอาการถ่ายเป็นน้ำปริมาณมาก อาจเป็นสีขาวขุ่นคล้ายน้ำซาวข้าว', 'ถ่ายเป็นมูกเลือดปน', 'อาการอาเจียนเป็นอาการเด่น คือ ผู้ป่วยจะเริ่มต้นด้วยอาการอาเจียนก่อน ซึ่งมักเป็นค่อนข้างรุนแรง จากนั้นจึงตามด้วยอาการอุจจาระร่วง ซึ่งอาจเป็นไม่รุนแรงหรือไม่กี่ครั้งก็ได้']"
Allergic Contact Dermatitis,ผื่นแพ้สัมผัส - ผิวหนัง,2,"['อาการของผื่นแพ้สัมผัสนั้นแตกต่างกันไปในผู้ป่วยแต่ละราย ผื่นที่เกิดขึ้นนั้นโดยปกติจะจำกัดอยู่เฉพาะบริเวณที่เกิดการสัมผัสกับสารระคายเคืองเท่านั้น แต่บางครั้งผื่นอาจแพร่กระจายได้เช่นกัน', 'อาการที่อาจเกิดขึ้นได้คือ คัน แดง บวม ตุ่มพุพอง มีของเหลวไหลซึมออกมา หนังลอก หนังแห้งแข็งชั่วคราว การเกาหรือถูจะทำให้เกิดการติดเชื้อและทำให้อาการแย่ลงได้']"
Alzheimer,อัลไซเมอร์,6,"['อาการแรกเริ่มที่สำคัญของผู้ป่วยอัลไซเมอร์คือการสูญเสียความจำระยะสั้น ซึ่งเป็นอาการที่ใกล้เคียงกับภาวะความจำเสื่อมตามธรรมชาติในผู้สูงอายุ แต่เมื่อเวลาผ่านไปผู้ป่วยร้อยละ 80-90 จะมีอาการทางพฤติกรรมหรือทางจิตเวชร่วมด้วย ซึ่งอาการทางพฤติกรรมนี่เองที่ทำให้การดูแลผู้ป่วยเป็นไปอย่างยากลำบากมากขึ้น โดยเฉพาะรายที่มีอาการก้าวร้าว ', 'อาการทั่วไปของโรคอัลไซเมอร์', 'อาจแบ่งคร่าวๆ ได้เป็นสามระยะ ได้แก่', 'ระยะแรก ผู้ป่วยจะมีความจำถดถอยจนตัวเองรู้สึกได้ ชอบถามซ้ำ พูดซ้ำๆ เรื่องเดิม สับสนทิศทาง เริ่มเครียด อารมณ์เสียง่ายและซึมเศร้า แต่ยังสื่อสารและทำกิจวัตรประจำวันได้ ระยะนี้เป็นระยะที่คนรอบข้างยังสามารถดูแลได้', 'ระยะกลาง ผู้ป่วยมีอาการชัดเจนขึ้น ความจำแย่ลงอีก เดินออกจากบ้านไปโดยไม่มีจุดหมาย พฤติกรรมเปลี่ยนไปมาก เช่น จากที่เป็นคนใจเย็นก็กลายเป็นหงุดหงิดฉุนเฉียว ก้าวร้าว พูดจาหยาบคาย หรือจากที่เป็นคนอารมณ์ร้อนก็กลับกลายเป็นเงียบขรึม และเมื่อเวลาผ่านไป ผู้ป่วยจะเริ่มมีปัญหาในการใช้ชีวิตประจำวัน เช่น ชงกาแฟไม่ได้ ใช้รีโมททีวีหรือโทรศัพท์มือถือไม่ได้ คิดอะไรที่ไม่ถูกต้อง ไม่อยู่ในโลกของความจริง เช่น คิดว่าจะมีคนมาฆ่า มาขโมยของ คิดว่าคู่สมรสนอกใจ ซึ่งเหล่านี้ล้วนเป็นอาการที่ยากต่อการดูแลและเข้าสังคม', 'ระยะท้าย ผู้ป่วยอาการแย่ลง ตอบสนองต่อสิ่งรอบข้างน้อยลง สุขภาพทรุดโทรมลงคล้ายผู้ป่วยติดเตียง รับประทานได้น้อยลง การเคลื่อนไหวน้อยลงหรือไม่เคลื่อนไหวเลย ช่วยเหลือตัวเองไม่ได้ สมองเสื่อมเป็นวงกว้าง ไม่พูดจา ภูมิคุ้มกันอ่อนแอซึ่งมักนำไปสู่การติดเชื้อและเสียชีวิตในที่สุด โดยระยะเวลาทั้งหมดตั้งแต่แรกวินิจฉัยจนเสียชีวิตเฉลี่ยประมาณ 8-10 ปี']"
Amyloidosis,อะไมลอยด์โดสิส (Amyloidosis),7,"['อะไมลอยด์โดสิสเป็นโรคที่มีผลกระทบต่อหลายระบบในร่างกาย จึงแสดงอาการได้หลากหลายไม่เฉพาะเจาะจง เช่น', 'มีโปรตีนรั่วออกมาในปัสสาวะ หากรั่วมากจะทำให้ตัวบวม เท้าและข้อเท้าบวม', 'กล้ามเนื้อหัวใจหนาตัวทำให้หัวใจเต้นผิดปกติหรือบีบตัวได้น้อยลง', 'ปลายมือ ปลายเท้าชา', 'ลิ้นมีขนาดโตขึ้น', 'มีจ้ำเลือดผิดปกติตามร่างกาย', 'น้ำหนักตัวลดลงอย่างรวดเร็ว ปวดท้อง คลื่นไส้ เบื่ออาหาร']"
Anal Fissure,แผลปริที่ขอบทวารหนัก,6,"['สังเกตเห็นรอยฉีกขาดที่ผิวหนังบริเวณรอบทวารหนัก', 'มีอาการเจ็บ แสบซึ่งบางครั้งอาจปวดรุนแรงบริเวณทวารหนักในขณะที่ถ่ายอุจจาระ', 'มีอาการเจ็บบริเวณทวารหนักนานหลายนาทีหลังถ่ายอุจจาระ', 'มีเลือดปนออกมากับอุจจาระหรือติดกระดาษชำระ', 'มีอาการคันหรือระคายเคืองรอบๆ ทวารหนัก', 'มีก้อนเนื้อหรือติ่งเล็กๆ บนผิวหนังใกล้แผลปริขอบที่ทวารหนัก']"
Anal Fistula ,โรคฝีคัณฑสูตร,4,"['มีอาการบวมบริเวณทวารหนักหรือแก้มก้น และเจ็บรอบ ๆ หรือภายในรูทวารหนักตลอดเวลา', 'มีอาการคันบริเวณรอบทวารหนัก หรือบริเวณผิวหนังโดยรอบ', 'มีเลือดหรือน้ำเหลืองไหลออกมาจากทวารหนัก หรือเมื่อถ่ายอุจจาระแล้วมีหนองปนออกมาในระยะเรื้อรัง', 'ผู้ป่วยบางรายมีอาการไข้สูง คลื่นไส้ อาเจียน']"
Anterior Cruciate Ligament (ACL) Tears,เส้นเอ็นไขว้หน้าข้อเข่า (ACL) ฉีกขาด - กระดูก,1,"['มักจะมีการปวดและบวมของข้อเข่าอย่างรวดเร็ว มักเกิดขึ้นทันทีหลังได้รับอันตราย ผู้ป่วยจะรู้สึกเคลื่อนไหวข้อเข่าได้น้อยลงลงเนื่องจากมีภาวะเลือดออกภายในข้อเข่า ส่วนใหญ่ไม่สามารถทำกิจกรรมนั้นๆต่อไปได้ บางทีอาจมีเสียงดังกร๊อบหรือความรู้สึก ""กร๊อบ"" ที่ข้อเข่า มีความรู้สึกว่าเข่าหลวมและไม่มั่นคง หรือมีอาการข้อเข่าทรุดเมื่อจะลงน้ำหนัก อาการที่พบได้บ่อยมากคือความรู้สึกไม่มั่นใจเมื่อจะต้องมีการเปลี่ยนทิศทางการเคลื่อนไหวของข้อเข่า (giving way) เช่น การเดินเลี้ยวซ้าย/ขวาทันที']"
Anxiety Disorder,โรควิตกกังวล - ศูนย์สุขภาพจิต,6,"['โรควิตกกังวลแบ่งออกได้ 5 ประเภทหลัก เช่น', 'โรควิตกกังวลทั่วไป(Generalized Anxiety Disorder, CAD)คือ การมีความกังวลในเรื่องชีวิตประจำวันทั่วๆไปนานและมากเกินไป เช่น เรื่องงาน ครอบครัว หรือเรื่องเล็กๆน้อยๆ ทำให้มีผลกระทบต่อการใช้ชีวิตประจำวัน ความเครียดและความวิตกกังวลที่ดำเนินไปอย่างต่อเนื่องอาจทำให้เกิดอาการทางร่างกาย เช่น กระวนกระวาย อ่อนเพลีย หงุดหงิด ปวดเมื่อยกล้ามเนื้อ ไม่มีสมาธิ มีปัญหาการนอนหลับ', 'โรคแพนิก(Panic Disorder, PD) คือ การที่อยู่ดีๆเกิดอาการกลัวและวิตกกังวลขึ้นมาเป็นพักๆโดยไม่มีสาเหตุหรือมีอาการ เช่น หัวใจเต้นเร็ว ใจสั่น เหงื่อออก เจ็บหน้าอก รู้สึกสำลัก เวียนหัว คลื่นไส้หรือท้องปั่นป่วน หนาวสั่นหรือร้อนวูบวาบ มือเท้าชา กลัวว่าตัวเองจะตาย อาการของแพนิกไม่ใช่เป็นโรคร้ายแรงแต่ทำให้รู้สึกไม่สบายมาก ดังนั้นผู้ป่วยมักคิดว่าตัวเองกำลังหัวใจวายหรือเป็นโรคที่ร้ายแรงถึงแก่ชีวิต', 'โรคกลัวแบบเฉพาะเจาะจง(Phobias)คือ การกลัวมากเกินไปเกี่ยวกับบางสิ่งบางอย่าง สถานการณ์บางอย่างหรือกิจกรรมบางอย่างที่เฉพาะเจาะจง เช่น กลัวเลือด กลัวสุนัข กลัวที่แคบ', 'โรคย้ำคิดย้ำทำ(Obsessive Compulsive Disorder, OCD)คือความคิดวิตกกังวลที่มีการคิดซ้ำๆและมีการตอบสนองต่อความคิดด้วยการทำพฤติกรรมซ้ำๆ เช่น คิดว่าลืมล็อคประตูก็จะคอยตรวจซ้ำๆว่าล็อคประตูหรือยัง', 'โรคเครียดหลังเหตุสะเทือนใจ(Post-Traumatic Stress Disorder, PTSD)คือ อาการผิดปกติที่เกิดขึ้นหลังจากประสบกับเหตุการณ์อันเลวร้ายมาก เช่น เผชิญกับภาวะเฉียดตาย ภาวะภัยพิบัติตามธรรมชาติที่ร้ายแรง ถูกทำร้ายหรือเห็นคนใกล้ตัวตาย เป็นต้น อาการเกิดขึ้นได้หลายอย่าง ตั้งแต่เงียบเฉย ขาดการตอบสนอง ตกใจง่าย หวาดกลัว กังวลในเรื่องเล็กน้อย คิดถึงเหตุการณ์นั้นซ้ำๆและเกิดความกลัวและวิตกกังวลขึ้นมาใหม่เหมือนเหตุการณ์นั้นเกิดขึ้นอีกครั้ง รวมถึงหวาดกลัวสิ่งเร้าที่เกี่ยวข้องกับเหตุการณ์']"
Arrhythmia,หัวใจเต้นผิดจังหวะ - ใจสั่นหวิว หัวใจเต้นเร็ว - หัวใจ,8,"['โดยส่วนใหญ่แล้วผู้ป่วยภาวะหัวใจเต้นผิดจังหวะมักไม่ทราบว่าตนเองมีปัญหา โดยมักพบภาวะนี้จากการตรวจสุขภาพหรือเมื่อป่วยด้วยโรคอื่นแล้วมาพบแพทย์ แต่ในผู้ป่วยบางรายอาจมีอาการปรากฏให้สังเกตได้ เช่น', 'วิงเวียน', 'หน้ามืด', 'ตาลาย', 'ใจสั่นบริเวณหน้าอก', 'หายใจขัด', 'เจ็บแน่นบริเวณหน้าอก', 'เป็นลม หมดสติ']"
Aspiration,การสำลัก - สมอง,6,"['ไม่สามารถกลืนได้หรือใช้เวลานานกว่าปกติ (ปกติใช้เวลาประมาณ 1 วินาที)', 'ไอหรือสำลักขณะดื่มน้ำหรือนานกว่า 1 นาทีจึงจะแสดงอาการ', 'มีเสียงครืดคราดในลำคอหลังการดื่มน้ำ', 'หลังดื่มน้ำแล้วยังคงมีน้ำเหลือค้างในช่องปากหรือกระพุ้งแก้ม', 'ไม่สามารถกลืนน้ำได้', 'ไม่สามารถควบคุมน้ำลายไม่ให้ไหลออกจากปากได้']"
Asthma,โรคหอบหืด - ภูมิแพ้,2,"['ผู้ป่วยโรคหอบหืดจะมีอาการไอ มีเสมหะ แน่นหน้าอก หายใจไม่อิ่ม หายใจมีเสียงหวีด และเหนื่อยหอบ โดยอาการจะเป็นๆ หายๆ ส่วนใหญ่เป็นช่วงกลางคืนหรือเช้ามืด และหลังจากสัมผัสปัจจัยกระตุ้นต่างๆ', 'ทั้งนี้ อาการของโรคมีตั้งแต่ไม่รุนแรงมาก คือ ไออย่างเดียว มีอาการเป็นช่วงสั้นๆ หอบนานๆ ครั้ง ไปจนถึงอาการรุนแรงมาก เช่น หอบทุกวัน หรือมีอาการตลอดเวลาจนไม่สามารถทำกิจวัตรประจำวันได้ตามปกติ']"
Athlete’s Foot,เชื้อราที่เท้า - ผิวหนัง,6,"['ผิวหนังแห้ง', 'คัน อาการคันจะมีมากขึ้นเมื่อเชื้อราเริ่มแพร่กระจาย', 'ผิวหนังลอก แดง ตกสะเก็ด', 'ผิวหนังเป็นสีขาวและเปียกบริเวณง่ามนิ้ว', 'มีแผลพุพอง', 'ทั้งนี้ เชื้อราที่เท้ามักเริ่มเกิดขึ้นบริเวณง่ามนิ้วเท้า เมื่อการติดเชื้อแพร่กระจายไปอาจลามไปถึงฝ่าเท้า นิ้วเท้า และเล็บได้']"
Atrial Fibrillation (A-Fib),ภาวะหัวใจห้องบนสั่นพลิ้ว - หัวใจ,9,"['ผู้ป่วยภาวะหัวใจห้องบนสั่นพลิ้วมากกว่าครึ่งไม่มีอาการโดยตรง แต่มาพบแพทย์ด้วยผลแทรกซ้อนโดยเฉพาะอัมพาตตามส่วนต่างๆ ของร่างกายแทน ส่วนที่เหลือมาพบแพทย์ด้วยอาการดังต่อไปนี้', 'ใจสั่น หัวใจเต้นเร็วไม่สม่ำเสมอ', 'เหนื่อยง่าย อ่อนเพลีย', 'เหนื่อยขณะออกกำลังกาย', 'ความสามารถในการออกกำลังกายลดลง', 'เจ็บหรือแน่นหน้าอก', 'เวียนศีรษะ', 'หายใจลำบาก', 'เป็นลมหมดสติ']"
Attention Deficit Hyperactivity Disorder (ADHD),โรคสมาธิสั้น - เด็ก,4,"['การขาดสมาธิ (attention deficit)', 'การขาดความสามารถในการควบคุมตนเอง (impulsivity)', 'อาการซน (hyperactivity)', 'เด็กบางคนอาจมีอาการซนและการขาดความสามารถในการควบคุมตนเองเป็นปัญหาหลัก ซึ่งพบได้บ่อยในเด็กผู้ชาย หรือบางคนอาจมีอาการขาดสมาธิเป็นปัญหาหลัก ซึ่งพบได้บ่อยพอๆ กันในเด็กผู้หญิงและเด็กผู้ชาย โรคสมาธิสั้นพบได้บ่อยในทุกประเทศทั่วโลก ในประเทศไทยพบว่า ประมาณ 8% ของเด็กในวัยเรียนป่วยเป็นโรคสมาธิสั้น']"
Autism,ออทิสซึม - ออทิสติก - โรคในเด็ก,17,"['มีความบกพร่องของทักษะปฏิสัมพันธ์ทางสังคม อารมณ์ และการสื่อสาร อาจแสดงพฤติกรรมซ้ำๆ นอกจากนี้วิธีการเรียนรู้ การคงสมาธิ ปฏิกิริยาต่อสิ่งต่างๆ แตกต่างออกไป อาการของออทิสซึมเริ่มแสดงตั้งแต่วัยเด็กและแสดงอาการตลอดชีวิต ซึ่งอาการจะเปลี่ยนไปในทางที่ดีขึ้น', 'เด็กหรือผู้ใหญ่ที่มีอาการออทิสซึมอาจแสดงอาการเหล่านี้ เช่น', 'ไม่ชี้สิ่งของหรือไม่ชี้ชวน', 'ไม่มองตามเมื่อมีคนชี้ให้ดูสิ่งอื่นๆ', 'สร้างสัมพันธภาพได้ยากหรือไม่สนใจผู้อื่นเลย', 'เลี่ยงที่จะสบตาหรือต้องการอยู่คนเดียว', 'ยากที่จะทำความเข้าใจความรู้สึกของผู้อื่นหรือบอกความรู้สึกของตนเอง', 'ไม่ชอบการอุ้มกอดหรือกอดเฉพาะเมื่อตนเองต้องการ', 'ไม่ค่อยตอบสนองเมื่อคนอื่นคุยด้วย', 'สนใจเสียงอื่นๆ มากกว่าเสียงคน', 'สนใจผู้คนแต่ไม่รู้วิธีที่จะคุย เล่น', 'พูดตามทันทีหรือจำคำพูด วลี ประโยค มาพูดแทนภาษาปกติ', 'ไม่เล่นบทบาทสมมุติ เช่น ป้อนอาหารตุ๊กตา หรือการเล่นสมมุติไม่ซับซ้อนเท่าพัฒนาการตามวัย', 'มีพฤติกรรมซ้ำๆ หรือหมกมุ่นกับบางสิ่งบางอย่าง', 'ปรับตัวยากต่อการเปลี่ยนแปลง', 'มีปฏิกิริยาตอบสนองต่อกลิ่น รส เสียง สัมผัส', 'สูญเสียความสามารถ เช่น เคยพูดได้ ต่อมาพูดไม่ได้']"
Avascular Necrosis of the Femoral Head,ภาวะหัวกระดูกข้อสะโพกตายจากการขาดเลือด - ข้อ,1,['ในระยะแรก ผู้ป่วยบางคนอาจไม่มีอาการ เมื่อเป็นได้สักระยะหนึ่งผู้ป่วยจะมีอาการที่ชัดเจนคือ อาการปวดบริเวณข้อสะโพกลึกๆ ตรงขาหนีบโดยอาการปวดอาจไปที่ก้นหรือเข่าข้างเดียวกันได้เช่นกัน เมื่อตรวจร่างกายจะพบอาการเจ็บเวลาเคลื่อนไหวของข้อสะโพก ความสามารถในการทำงานของข้อสะโพกลดลงหรือถูกจำกัด โดยเฉพาะในท่าหมุนสะโพกเข้าด้านใน']
Coronary Artery Disease,โรคหลอดเลือดหัวใจ ตีบ-ตัน,5,"['อาการเจ็บเค้นอกที่เป็นลักษณะเฉพาะของโรคหัวใจขาดเลือด คือ อาการเจ็บหนักๆ เหมือนมีอะไรมาทับหรือรัดบริเวณกลางหน้าอกหรือใต้กระดูกกลางหน้าอก อาจมีร้าวไปบริเวณคอ กราม ไหล่ และแขนทั้ง 2 ข้างโดยเฉพาะข้างซ้าย เป็นมากขณะออกแรง เป็นนานครั้งละ 2-3 นาที เมื่อนั่งพักหรืออมยาขยายหลอดเลือดใต้ลิ้นอาการจะทุเลาลง', 'มีอาการเหนื่อยง่ายขณะออกแรงหรือออกกำลังกายที่เกิดขึ้นเฉียบพลันภายใน 1–2 สัปดาห์ หรือที่เกิดขึ้นเรื้อรังเกินกว่า 3 สัปดาห์ขึ้นไป', 'มาด้วยอาการเหนื่อย หายใจหอบนอนราบไม่ได้ แน่นอึดอัด หายใจเข้าไม่เต็มปอด อาจมีอาการเจ็บเค้นอกร่วมด้วยหรือไม่ก็ได้ อาการอาจเกิดขึ้นอย่างเฉียบพลันหรือเป็นๆ หายๆ มาเป็นเวลานาน', 'มีอาการหน้ามืดเวียนศีรษะ เป็นลม ร่วมกับอาการแน่นหน้าอก ซึ่งเกิดขึ้นเนื่องจากมีความดันโลหิตต่ำเฉียบพลัน', 'อาการหมดสติหรือหัวใจหยุดเต้น']"
Heart Failure,ภาวะหัวใจล้มเหลว - หัวใจ,4,"['ภาวะหัวใจล้มเหลวทำให้เกิดอาการหรืออาการแสดงที่เกิดจากการที่เลือดออกจากหัวใจไม่เพียงพอกับความต้องการของร่างกาย และอาการที่เกิดจากภาวะคั่งของน้ำและเกลือ อาการที่พบได้บ่อย ได้แก่', 'อาการหายใจเหนื่อยเป็นอาการสำคัญของภาวะหัวใจล้มเหลว โดยอาจมีอาการเหนื่อยในขณะที่ออกแรง อาการเหนื่อย/หายใจไม่สะดวกในขณะนอนราบ บางครั้งจะมีอาการไอในขณะนอนราบด้วย หรือในขณะนอนหลับต้องตื่นขึ้นเนื่องจากมีอาการหายใจไม่สะดวกซึ่งเป็นอาการจำเพาะสำหรับภาวะหัวใจล้มเหลว', 'อ่อนเพลียเกิดจากการที่มีเลือดไปเลี้ยงกล้ามเนื้อต่างๆ ของร่างกายลดลง ทำให้ความสามารถในการทนต่อการทำกิจกรรมหรือความสามารถในการประกอบกิจวัตรประจำวันต่างๆ ของร่างกายลดลง', 'มีอาการบวมจากภาวะคั่งน้ำและเกลือเช่น ที่เท้าและขามีลักษณะบวม กดบุ๋ม มีน้ำคั่งในปอดและอวัยวะภายใน เช่น มีตับ ม้ามโต มีน้ำในช่องท้อง ทำให้มีอาการท้องบวม ท้องโตขึ้น แน่นอึดอัด']"
Stroke,โรคหลอดเลือดสมอง - แตก ตีบ ตัน ฉีกขาด,7,"['เมื่อสมองขาดเลือดจะทำให้สมองไม่สามารถทำงานได้ตามปกติ ซึ่งอาการแสดงต่างๆ จะมากหรือน้อยขึ้นกับระดับความรุนแรงและตำแหน่งของสมองที่ถูกทำลาย เช่น', 'ชาหรืออ่อนแรงที่ใบหน้าและ/หรือบริเวณแขนขาครึ่งซีกของร่างกาย', 'พูดไม่ชัด ปากเบี้ยว มุมปากตก น้ำลายไหล กลืนลำบาก', 'ปวดศีรษะ เวียนศีรษะทันทีทันใด', 'ตามัว มองเห็นภาพซ้อนหรือเห็นครึ่งซีก หรือตาบอดข้างเดียวทันทีทันใด ', 'เดินเซ ทรงตัวลำบาก', 'อาการเหล่านี้มักเกิดขึ้นอย่างฉับพลัน ในรายที่มีภาวะสมองขาดเลือดแบบชั่วคราว (transient ischemic attack: TIA)อาจมีอาการเตือนเหล่านี้เกิดขึ้นชั่วขณะแล้วหายไปเอง หรืออาจเกิดขึ้นได้หลายครั้งก่อนจะมีอาการสมองขาดเลือดแบบถาวร ดังนั้นหากมีอาการผิดปกติเกิดขึ้น ควรรีบพบแพทย์ทันที เนื่องจากอาการของโรคหลอดเลือดสมองจัดเป็นอาการร้ายแรงและอาจเป็นอันตรายถึงแก่ชีวิต หรือหากไม่ถึงชีวิต ก็อาจทำให้กลายเป็นโรคอัมพาต อัมพฤกษ์ ไม่สามารถช่วยเหลือตนเองและต้องใช้เวลาในการรักษาฟื้นฟูสุขภาพต่อไป']"
Heart Attack (Myocardial Infarction),หัวใจวาย (กล้ามเนื้อหัวใจตายเฉียบพลัน),8,"['โรคหัวใจนี้มักเกิดขึ้นอย่างเฉียบพลัน บางรายอาจมีสุขภาพปกติแข็งแรงดี แต่อยู่ๆ ก็มีอาการผิดปกติ อาการผิดปกติที่สำคัญที่สุดที่สามารถสังเกตได้ เช่น', 'เจ็บแน่นหน้าอกเหมือนมีอะไรมากดทับอย่างต่อเนื่อง โดยเฉพาะตรงกลางอก และเป็นนานเกินกว่าหนึ่งนาทีขึ้นไป', 'เจ็บแน่นหน้าอกร้าวไปยังบริเวณคอ กราม ไหล่และแขนทั้งสองข้าง', 'มีเหงื่อออกตามร่างกาย', 'เหนื่อยง่าย หายใจถี่กระชั้น', 'วิงเวียน หน้ามืด', 'ชีพจรเต้นเร็ว', 'หากพบอาการผิดปกติข้างต้น ควรรีบปรึกษาแพทย์ทันที อย่าละเลยหรือปล่อยทิ้งไว้โดยเด็ดขาด']"
Ovarian Cancer,มะเร็งรังไข่ - มะเร็ง,6,"['รู้สึกอึดอัดในช่องท้อง', 'เบื่ออาหาร รู้สึกอิ่มจนอึดอัดถึงแม้รับประทานอาหารอ่อนๆ อาหารไม่ย่อย ท้องอืดท้องเฟ้อ หรือปวดท้องคลื่นไส้ ท้องเสีย ท้องผูก หรือปัสสาวะบ่อย', 'น้ำหนักขึ้นหรือลดโดยไม่ทราบสาเหตุ', 'มีเลือดออกผิดปกติจากช่องคลอด', 'คลำก้อนเนื้อได้ในท้องน้อย ปวดท้องน้อย', 'ในระยะท้ายๆ อาจมีน้ำในช่องท้องทำให้ท้องโตขึ้นกว่าเดิม ผอมแห้ง น้ำหนักลด']"
High-Risk Pregnancy,ภาวะครรภ์เสี่ยง - สูติ-นรีเวช,6,"['คุณแม่ตั้งครรภ์ควรรีบพบแพทย์เพื่อตรวจหาความผิดปกติและทำการรักษาหากมีอาการ เช่น', 'ปวดศีรษะบ่อย', 'จุกเสียดแน่นท้อง', 'ขนาดท้องเล็กหรือใหญ่กว่าปกติ', 'เลือดออกทางช่องคลอด', 'เมื่อตั้งครรภ์ได้ 5-6 เดือนแล้วลูกยังไม่ดิ้น']"
Congenital Heart Defects,โรคหัวใจพิการหรือผิดปกติแต่กำเนิด - หัวใจ,8,"['อาการของโรคหัวใจผิดปกติแต่กำเนิดขึ้นอยู่กับชนิดและความรุนแรงของความผิดปกติ ในผู้ป่วยที่มีความผิดปกติชนิดที่มีความรุนแรงน้อยมักมีอาการน้อยหรือไม่มีอาการเลย ส่วนผู้ป่วยที่เป็นมากอาจมีอาการดังต่อไปนี้', 'อาการเขียว จะมีสีม่วงคล้ำที่เล็บ ริมฝีปากและเยื่อบุภายในช่องปาก', 'หัวใจเต้นเร็ว', 'หายใจเร็วและหายใจลำบาก', 'เหนื่อยง่าย ในทารกจะสังเกตได้เวลาดื่มนม ทำให้ดื่มนมได้น้อย', 'เลี้ยงไม่โต', 'เหงื่อออกมาก', 'อ่อนเพลีย']"
Spinal Cord Injuries (Spinal fractures),กระดูกสันหลังหัก - การบาดเจ็บของกระดูกสันหลัง,1,['อาการขึ้นอยู่กับความรุนแรงและตำแหน่งที่ได้รับบาดเจ็บ อาจพบอาการปวดคอ หลัง หรือส่วนที่ได้รับบาดเจ็บ เหน็บชา กล้ามเนื้อเกร็งตัว อ่อนแรง สูญเสียการควบคุมการขับถ่าย ไปจนถึงอัมพาต ซึ่งบ่งบอกถึงการบาดเจ็บของระบบประสาทและไขสันหลัง']
Bladder Cancer,มะเร็งกระเพาะปัสสาวะ - ระบบทางเดินปัสสาวะ,4,"['ปัสสาวะมีเลือดปนออกมา', 'ปัสสาวะบ่อย', 'รู้สึกเจ็บเวลาปัสสาวะ', 'ปวดหลังช่วงล่าง']"
Parkinson’s Disease,โรคพาร์กินสัน - สมอง,19,"['อาการทางกาย', 'สั่น', 'เคลื่อนไหวช้า', 'หน้านิ่ง', 'พูดช้า เสียงค่อย', 'น้ำลายไหล', 'ร่างกายแข็งเกร็ง', 'เดินลำบาก เดินซอยเท้า เท้าติดเวลาก้าวขา', 'หกล้มง่าย', 'อาการทางจิตใจ', 'ซึมเศร้า', 'วิตกกังวล', 'อาการอื่นๆ', 'ความจำระยะสั้นไม่ค่อยดีในระยะต้น ความจำเสื่อมในระยะท้าย', 'เหงื่อออกมาก', 'ท้องอืด ท้องผูก', 'ปัสสาวะบ่อย ควบคุมการปัสสาวะไม่ได้', 'การรับรู้กลิ่นและรสไม่ดี', 'มึนศีรษะเวลาลุกขึ้นเนื่องจากความดันโลหิตต่ำลง']"
Prostate Cancer,มะเร็งต่อมลูกหมาก - มะเร็ง,1,['มะเร็งต่อมลูกหมากในระยะแรกมักไม่แสดงอาการใดๆ แต่เมื่อมะเร็งขยายตัวมากขึ้นจนไปกดทับท่อปัสสาวะ จะทำให้เกิดอาการแปรปรวนของระบบทางเดินกระเพาะปัสสาวะส่วนล่าง เช่น ปัสสาวะบ่อยโดยเฉพาะช่วงกลางคืน มีอาการแสบขัดขณะปัสสาวะ ปัสสาวะไม่สุด ปัสสาวะไม่พุ่งหรือต้องใช้เวลาในการเบ่ง หากปล่อยทิ้งไว้ผู้ป่วยจะปัสสาวะลำบากและบ่อยขึ้น จนถึงขั้นปัสสาวะเป็นเลือดได้']
Pneumonitis and Pneumonia,โรคปอดอักเสบ (ปอดบวม) - ปอด,11,"['แม้ว่าโรคปอดอักเสบจากทั้งสองสาเหตุจะมีอาการใกล้เคียงกัน แต่วิธีการป้องกันและรักษาแตกต่างกัน และเนื่องจากโรคปอดอักเสบที่เกิดจากการติดเชื้อสามารถติดต่อได้ง่ายจึงเป็นชนิดที่พบได้มากกว่า และจำเป็นต้องเฝ้าระวังผู้ที่อยู่ในกลุ่มเสี่ยงโดยเฉพาะในช่วงที่มีการระบาด', 'สำหรับอาการของโรคปอดอักเสบจากการติดเชื้อ ได้แก่', '- ไอมีเสมหะ', '- เจ็บหน้าอกขณะหายใจหรือไอ', '- หายใจเร็ว หายใจหอบ หายใจลำบาก', '- มีไข้ เหงื่อออก หนาวสั่น', '- คลื่นไส้ อาเจียน หรือท้องเสีย', '- อ่อนเพลีย', '- ผู้สูงอายุอาจมีอาการซึม ความรู้สึกสับสน อุณหภูมิร่างกายต่ำกว่าปกติ', '- เด็กเล็กอาจมีอาการท้องอืด อาเจียน ซึม ไม่ดูดนมหรือน้ำ', 'ทั้งนี้ ระดับความรุนแรงของอาการจะแตกต่างกันไปในผู้ป่วยแต่ละราย ขึ้นอยู่กับชนิดของเชื้อโรคที่ทำให้เกิดการติดเชื้อ อายุ และสุขภาพโดยรวมของผู้ป่วย']"
Kidney Stones,นิ่วในไตและท่อไต - ไต,6,"['ปวดบริเวณหลังหรือข้างลำตัว', 'ปัสสาวะปนเลือด', 'คลื่นไส้ อาเจียน', 'มีไข้ หนาวสั่น', 'ปัสสาวะบ่อยหรือเกิดความรู้สึกว่าต้องปัสสาวะอย่างปัจจุบันทันด่วน', 'รู้สึกปวดเมื่อปัสสาวะ']"
Bladder Stones,นิ่วในกระเพาะปัสสาวะ - ระบบทางเดินปัสสาวะ,5,"['อาการที่มักพบในผู้ป่วยโรคนิ่วในกระเพาะปัสสาวะ ได้แก่', 'การปัสสาวะผิดปกติคล้ายกับอาการของโรคกระเพาะปัสสาวะอักเสบเช่น ปัสสาวะบ่อย ปัสสาวะแสบขัด ปัสสาวะมีเลือดปน', 'ปัสสาวะไม่ออกหรือออกกะปริดกะปรอย คือปัสสาวะไหลๆ หยุดๆ', 'มีเม็ดนิ่วลักษณะคล้ายกรวดทรายปนออกมากับปัสสาวะ', 'หากก้อนนิ่วไปครูดหรือเสียดสีกับผนังกระเพาะปัสสาวะหรือท่อปัสสาวะจนเกิดแผล อาจทำให้เกิดการติดเชื้อในระบบทางเดินปัสสาวะ ซึ่งผู้ป่วยอาจมีไข้ร่วมด้วย']"
Back pain with or without leg pain,อาการปวดหลังที่ไม่มีอาการปวดร้าวลงขาร่วมด้วย - กระดูกสันหลัง - ,8,"['การเกร็งตัวของกล้ามเนื้อหรือเอ็น เช่น การยกของหนัก', 'หมอนรองกระดูกสันหลังโป่งนูนหรือปริแตก', 'ข้อเสื่อม', 'โรคกระดูกสันหลังคดงอผิดปกติ', 'กระดูกหักทรุดจากภาวะกระดูกพรุน', 'อุบัติเหตุ', 'การติดเชื้อ', 'เนื้องอก']"
Back pain with or without leg pain,อาการปวดหลังที่ไม่มีอาการปวดร้าวลงขาร่วมด้วย - กระดูกสันหลัง - ,14,"['แพทย์จะทำการตรวจร่างกายทางระบบประสาทอย่างละเอียด และอาจให้ผู้ป่วยเข้ารับการเอกซเรย์ และ/หรือ ตรวจวินิจฉัยโรคด้วยคลื่นแม่เหล็กไฟฟ้า (MRI) รวมถึงวัดการนำกระแสไฟฟ้าของเส้นประสาท เพื่อใช้ประกอบการพิจารณาแนวทางการรักษาที่เหมาะสมสำหรับผู้ป่วย โดยแนวทางการรักษาประกอบด้วย', 'การรักษาที่ไม่ใช่การผ่าตัด เช่น การรับประทานยา การออกกำลังกายกล้ามเนื้อ กายทำกายภาพบำบัด และการฉีดยาเข้าโพรงกระดูกสันหลัง เป็นต้น', 'ประเภทของการผ่าตัดกระดูกสันหลังส่วนเอว', 'การผ่าตัดแบบเชื่อมข้อกระดูก (fusion surgery)', 'Posterolateral lumbar fusion (PL Fusion)', 'Tranforaminal lumbar interbody fusion (TLIF) ', 'Direct lateral lumbar interbody fusion (DLIF)', 'Oblique lumbar interbody fusion (OLIF)', 'Anterior lumbar interbody fusion (ALIF)', 'การผ่าตัดวิธีอื่นๆ', 'การฉีดซีเมนต์เพื่อเสริมโครงกระดูกสันหลัง (vertebroplasty/kyphoplasty) ', 'การผ่าตัดกระดูกสันหลังแบบลามิเนกโตมี (laminectomy) ', 'การผ่าตัดหมอนรองกระดูกสันหลังด้วยกล้องจุลทรรศน์ (microdiscectomy) ', 'การผ่าตัดโรคกระดูกสันหลังและโรคโพรงกระดูกสันหลังตีบแคบผ่านกล้องเอ็น']"
Back Pain: Description & Options,ปวดหลัง - กระดูกสันหลัง,5,"['อายุโดยทั่วไปอาการปวดหลังเกิดได้กับคนทุกเพศทุกวัย ทั้งในหนุ่มสาววัยทำงาน และในผู้สูงอายุ', 'การขาดการออกกำลังกายในคนที่ไม่ได้ออกกำลังกายเป็นประจำจะทำให้กล้ามเนื้อรอบกระดูกสันหลังไม่แข็งแรง ไม่สามารถรองรับกระดูกสันหลังได้', 'อ้วนน้ำหนักตัวที่มากเกินไปส่งผลให้กระดูกสันหลังต้องรับน้ำหนักมากทำให้เกิดความเสื่อมได้มากขึ้น นอกจากนี้ไขมันที่พอกพูนบริเวณหน้าท้องอาจทำให้สมดุลของร่างกายเสียไปและเพิ่มความเสี่ยงต่อการบาดเจ็บหรือเกิดอุบัติเหตุได้', 'โรคบางชนิดเช่น ข้ออักเสบ เนื้องอกบางชนิด', 'การทำงานโดยเฉพาะผู้ที่ต้องยกของ ใช้แรงผลักหรือดึงซึ่งทำให้กระดูกสันหลังบิด รวมถึงผู้ที่ทำงานอยู่กับโต๊ะเป็นเวลานานโดยอิริยาบถไม่ถูกต้องก็อาจปวดหลังได้']"
Back Pain: Description & Options,ปวดหลัง - กระดูกสันหลัง,9,"['อาการปวดหลังเกิดได้จากหลายสาเหตุ ไม่ว่าจะเป็นท่าทางที่ไม่ถูกต้อง หรือพยาธิสภาพของกระดูกสันหลังเอง โดยสาเหตุส่วนใหญ่มักเกิดจาก', 'ท่าทาง อิริยาบถ การเคลื่อนไหวร่างกาย และการใช้งานหลังที่ไม่ถูกต้องเป็นเวลานานเป็นสาเหตุการปวดหลังที่พบได้บ่อยในคนวัยทำงานที่ต้องทำงานกับคอมพิวเตอร์นานๆ (โดยเฉพาะคอมพิวเตอร์โน้ตบุ๊ค) หากไม่ได้ใส่ใจกับท่านั่งที่ถูกต้อง มักจะนั่งด้วยท่าทางแบบหลังงอ ไหล่ห่อ และก้มคอเข้าหาจอคอมพิวเตอร์ การยกของหนักโดยใช้การก้มหลัง น้ำหนักทั้งหมดจะผ่านไปที่กระดูกสันหลังส่วนที่กำลังโค้งมากที่สุด', 'การบาดเจ็บบริเวณหลังจากอุบัติเหตุหรือการเล่นกีฬา เช่น รักบี้ ฟุตบอล การมีการบาดเจ็บหรือมีการกระแทกอย่างต่อเนื่องส่งผลให้กระดูกสันหลังเสื่อมได้เร็วขึ้น', 'ความผิดปกติของกระดูกสันหลังแต่กำเนิดเช่น โพรงกระดูกสันหลังตีบแต่กำเนิด กระดูกสันหลังคด กระดูกสันหลังมีมากหรือน้อยผิดปกติ', 'ภาวะของกระดูกสันหลังและกล้ามเนื้อเป็นสาเหตุที่ทำให้เกิดอาการปวดหลังได้มาก ภาวะเหล่านี้ ได้แก่', 'หมอนรองกระดูกสันหลังเคลื่อนทับเส้นประสาท', 'โพรงกระดูกสันหลังตีบแคบคือ ภาวะที่มีการแคบลงของโพรงกระดูกสันหลังเนื่องมาจากการหนาตัวขึ้นของกระดูกหรือเส้นเอ็นทำให้เส้นประสาทที่วิ่งอยู่ในโพรงกระดูกถูกบีบรัดจากกระดูกหรือเส้นเอ็นที่มีการหนาตัวขึ้นจากการเสื่อมสภาพ', 'กระดูกสันหลังเคลื่อนเมื่อกระดูกสันหลังเสื่อมและเสียความมั่นคงแข็งแรงไป จะทำให้กระดูกสันหลังเคลื่อนได้ จะทำให้เกิดอาการปวดหลังมีการขยับ และอาจมีการปวดร้าวลงขาได้เมื่อมีการกดทับเส้นประสาท', 'โรคอื่นๆ ที่ทำให้เกิดอาการปวดร้าวมาที่หลังได้เช่น โรคไต โรคเกี่ยวกับรังไข่และมดลูก โรคหลอดเลือดโป่งพองในช่องท้อง หรือมะเร็งที่มีการกระจายมายังกระดูกสันหลัง']"
Back Pain: Description & Options,ปวดหลัง - กระดูกสันหลัง,5,"['ผู้ป่วยอาจมีอาการปวดเฉพาะที่หลังเพียงอย่างเดียว หรืออาจมีอาการปวดหลังร้าวมาที่สะโพกหรือขาอาการปวดขาจะปวดไปตามบริเวณซึ่งถูกเลี้ยงด้วยเส้นประสาทเส้นที่ถูกกดทับนั้น ผู้ป่วยแต่ละรายอาจมีลักษณะความปวดแตกต่างกันไป ผู้ป่วยบางรายอธิบายอาการปวดว่ามีลักษณะแหลมเหมือนโดนมีดแทง บางรายรู้สึกปวดหน่วงและหนักที่ขา หรือบางรายอาจรู้สึกเพียงเหน็บชาคล้ายเวลาที่นั่งทับขานานๆ เท่านั้น', 'อาการปวดคอ', 'อาการปวดคอและปวดหลังส่วนบน', 'อาการปวดหลังส่วนกลาง (ร่วมกับมีอาการที่ขา)', 'อาการปวดหลังที่ไม่มีอาการปวดร้าวลงขาร่วมด้วย']"
Back Pain: Description & Options,ปวดหลัง - กระดูกสันหลัง,6,"['เป้าหมายของการรักษาอาการปวดหลังคือ เพื่อลดอาการปวด และให้ผู้ป่วยสามารถใช้ชีวิตประจำวันได้ตามปกติที่สุด โดยการรักษาจะขึ้นอยู่กับสาเหตุที่ทำให้เกิดการปวดหลังและระยะเวลาที่เป็น ซึ่งแพทย์จะเป็นผู้พิจารณาวิธีการรักษาที่เหมาะสมกับผู้ป่วยแต่ละราย โดยมุ่งรักษาที่ต้นเหตุที่ทำให้เกิดอาการและพยายามหาวิธีที่ทำให้ผู้ป่วยเจ็บปวดน้อยที่สุดก่อน', 'โดยทั่วไปการรักษาจะมีอยู่ 2 วิธีหลัก ได้แก่', 'การรักษาโดยไม่ต้องผ่าตัด', 'การรักษาแบบประคับประคองได้แก่ การรับประทานยา การทำกายภาพบำบัด และการนอนพัก มักเป็นวิธีที่ใช้เริ่มต้นในการรักษา ยกเว้นกรณีที่ผู้ป่วยมีข้อบ่งชี้ชัดเจนว่าต้องได้รับการรักษาโดยวิธีอื่น', 'การฉีดยาสเตียรอยด์เข้าโพรงกระดูกสันหลังซึ่งจะช่วยลดความปวดจากการอักเสบและช่วยในการวินิจฉัยตำแหน่งที่เป็นต้นเหตุของอาการปวดได้ การรักษาวิธีนี้ใช้ในกรณีที่ผู้ป่วยได้รับการรักษาแบบประคับประคองแล้ว แต่อาการไม่ดีขึ้น หรือมีอาการปวดจากการที่เส้นประสาทโดนรบกวน', 'การรักษาโดยการผ่าตัดแพทย์จะใช้วิธีการรักษานี้เมื่อผู้ป่วยมีข้อบ่งชี้ที่ชัดเจน เช่น ควบคุมการขับถ่ายไม่ได้ ขาอ่อนแรง เดินไม่ได้หรือเมื่อทำการรักษาโดยวิธีอื่นแล้วไม่ได้ผล ซึ่งวิธีการผ่าตัดมีหลายวิธีขึ้นกับภาวะของผู้ป่วยหรือข้อบ่งชี้ในการผ่าตัด (ตามตารางด้านบน)']"
Bacterial Vaginosis,ช่องคลอดอักเสบจากเชื้อแบคทีเรีย,7,"['มีตกขาวผิดปกติ', 'สีขาวเนียนปนสีเทาอ่อน สีเขียว', 'มีลักษณะเป็นน้ำ เป็นฟอง หรือเป็นแผ่น', 'มีกลิ่นคาวคล้ายกลิ่นคาวปลา โดยเฉพาะหลังจากมีเพศสัมพันธ์', 'รู้สึกแสบเมื่อปัสสาวะ', 'ระคายเคืองหรือคันบริเวณช่องคลอด และ/หรือบริเวณผิวหนังบริเวณอวัยวะเพศภายนอก', 'รู้สึกเจ็บเวลามีเพศสัมพันธ์']"
Bartholin’s Cyst,ต่อมบาร์โธลินอักเสบ,4,"['หลังทำหัตถการให้ผู้ป่วยสังเกตอาการ ถ้ามีเลือดออกจากแผลและแผลบวมมาก ปวดมากขึ้นกว่าเดิม หรือมีไข้สูง มีหนองไหลออกจากช่องคลอด ให้รีบกลับมาพบแพทย์', 'คำแนะนำเกี่ยวกับการเดินทางก่อนและหลังเข้ารับทำหัตถการ', 'ก่อนทำหัตถการ: ผู้ป่วยควรอยู่ในประเทศไทยอย่างน้อย 1-2 วันเพื่อการวางแผนขั้นตอนและการตรวจร่างกายเพื่อเตรียมความพร้อมก่อนทำหัตถการ', 'หลังทำหัตถการ: ผู้ป่วยควรอยู่ในประเทศไทยอย่างน้อย 1-2 วัน แนะนำให้พักโรงแรมใกล้โรงพยาบาลเพื่อความสะดวกต่อการเดินทางหากมีอาการผิดปกติหลังทำหัตถการ สำหรับการเดินทางกลับประเทศไม่ได้มีอุปสรรคต่อการเดินทาง']"
Benign Paroxysmal Positional Vertigo (BPPV),โรคหินปูนในหูชั้นในเคลื่อนหรือโรคเวียนศีรษะขณะเปลี่ยนท่า - หู,2,"['โรคหินปูนในหูชั้นในเคลื่อนจะมีอาการเฉพาะคืออาการเวียนศีรษะบ้านหมุนในขณะเปลี่ยนท่าทางของศีรษะ โดยมีอาการเกิดขึ้นทันทีทันใด เช่น ขณะล้มตัวลงนอนหรือลุกจากที่นอน ขณะพลิกตัวในที่นอน ก้มดูของหรือเงยหน้าขึ้นข้างบน แต่อาการเวียนศีรษะบ้านหมุนมักเป็นอยู่ในช่วงสั้นๆ มักเป็นแค่ช่วงวินาทีที่ขยับศีรษะ แล้วอาการจะค่อยๆ หายไป เมื่อขยับศีรษะในท่าเดิมอาการก็อาจกลับมาใหม่ได้ แต่จะไม่รุนแรงเท่าครั้งแรก ทั้งนี้อาการเวียนศีรษะที่เกิดจากโรคนี้อาจเป็นได้หลายๆ ครั้งต่อวัน มักเป็นอยู่หลายวันแล้วจะค่อยๆ ดีขึ้นในเวลาเป็นสัปดาห์หรือเดือน และอาจกลับเป็นซ้ำได้อีกในเวลาอีกหลายเดือนหรือเป็นปี', 'หากผู้ป่วยมีอาการเวียนศีรษะรุนแรง อาจมีอาการคลื่นไส้อาเจียนร่วมด้วย แต่โรคนี้จะไม่พบอาการหูอื้อ การสูญเสียการได้ยินหรือมีเสียงผิดปกติในหู (ยกเว้นในผู้ป่วยที่มีโรคหูเดิมอยู่ก่อนแล้ว) อาการทางระบบประสาท หรืออาการแขนขาชาหรืออ่อนแรงร่วมด้วย']"
Bile Duct Cancer,มะเร็งท่อน้ำดี - ระบบทางเดินอาหาร,11,"['โดยส่วนใหญ่มะเร็งท่อน้ำดีในระยะเริ่มแรกมักไม่มีอาการ แต่เมื่อโรคลุกลามมากแล้วอาจมีอาการแสดงได้ เช่น', 'อาการตัวเหลืองตาเหลืองซึ่งเกิดจากการอุดตันของท่อน้ำดี', 'มีอาการไม่สบายในท้อง อึดอัด แน่นท้อง', 'ปวดท้องส่วนบนบริเวณใต้ชายโครงขวา อาจมีอาการปวดหลังและไหล่ร่วมด้วย', 'มีไข้ ไม่ทราบสาเหตุ', 'คันบริเวณผิวหนังทั่วร่างกาย', 'อุจจาระมีสีซีดและปัสสาวะมีสีเข้ม', 'เหนื่อย อ่อนเพลีย', 'เบื่ออาหาร น้ำหนักตัวลดลง', 'คลื่นไส้ อาเจียน', 'คลำหน้าท้องพบตับโต']"
Bipolar Disorder,โรคไบโพลาร์ (bipolar) - สุขภาพจิต,11,"['ผู้ป่วยไบโพลาร์จะมีอารมณ์แปรปรวนสลับกันระหว่างอารมณ์ดีหรือก้าวร้าวผิดปกติ กับอารมณ์ซึมเศร้าผิดปกติโดยไม่ขึ้นอยู่กับสถานการณ์ใดๆ ในช่วงที่อารมณ์ซึมเศร้า ผู้ป่วยมักเบื่อหน่าย ท้อแท้ ไม่อยากทำอะไร อ่อนเพลีย มองทุกอย่างในแง่ลบ บางรายมีความคิดอยากตายซึ่งอาจนำไปสู่การฆ่าตัวตายจริงๆ ได้', ' สำหรับช่วงที่อารมณ์ดีหรือก้าวร้าวผิดปกติ ผู้ป่วยมักมีอาการดังต่อไปนี้ คือ', 'รู้สึกว่าตนมีความสำคัญหรือมีความสามารถมาก', 'นอนน้อยกว่าปกติมาก โดยไม่มีอาการเพลียหรือต้องการนอนเพิ่ม', 'พูดเร็ว พูดมาก พูดไม่ยอมหยุด', 'ความคิดแล่นเร็ว มีหลายความคิดเข้ามาในสมอง', 'สมาธิลดลง เปลี่ยนความสนใจ เปลี่ยนเรื่องพูดหรือทำอย่างรวดเร็ว ตอบสนองต่อสิ่งเร้าง่าย', 'มีกิจกรรมมากผิดปกติ อาจเป็นแผนการหรือลงมือกระทำจริงๆ แต่มักทำได้ไม่ดี', 'การตัดสินใจเสีย เช่น ใช้จ่ายเงินฟุ่มเฟือย ทำเรื่องที่เสี่ยงอันตรายหรือผิดกฎหมาย ไม่ยับยั้งชั่งใจในเรื่องเพศ', 'นอกจากนี้ ผู้ป่วยบางรายอาจมีอารมณ์หงุดหงิดก้าวร้าวจนถึงขั้นทะเลาะหรือทำร้ายร่างกายผู้อื่น ในรายที่เป็นมากอาจมีอาการของโรคจิตร่วมด้วย เช่น คิดว่าตนมีความสามารถผิดมนุษย์ ได้ยินเสียงหรือเห็นภาพที่อื่นไม่ได้ยินหรือได้เห็น', 'สำหรับช่วงเวลาขึ้น-ลงของอารมณ์นั้นไม่มีรูปแบบที่แน่นอนตายตัว อาจเป็นภายในหนึ่งวัน สัปดาห์ เดือน หรือปีก็ได้']"
Blocked Tear Ducts,ท่อน้ำตาอุดตัน - ตา,1,['ในเด็กทารกจะมีน้ำตาไหลมาก ตาแฉะ โดยที่ไม่ได้ร้องไห้ สำหรับผู้ใหญ่จะมีน้ำตาไหลตลอดเวลา ในรายที่เป็นมากและเรื้อรังจะมีอาการระคายเคืองตลอดเวลาจากการคั่งค้างของเสีย ถ้าไม่ได้รับการรักษาอาจทำให้เกิดการอักเสบจนกลายเป็นฝีหนอง ซึ่งอาจลุกลามเข้าไปในดวงตา และทำให้เกิดอาการรุนแรงหรือติดเชื้อในตาได้']
BPH (Benign Prostatic Hyperplasia),โรคต่อมลูกหมากโต - ระบบทางเดินปัสสาวะ,5,"['ปัสสาวะบ่อยหรือต้องการปัสสาวะทันที', 'ปัสสาวะนาน ปัสสาวะอ่อน ปัสสาวะสะดุด (ขัดเบา) ปัสสาวะเป็นหยดๆ', 'รู้สึกปวดขณะถ่ายปัสสาวะ', 'ปัสสาวะหลายครั้งในตอนกลางคืน', 'มีเลือดปนออกมาในปัสสาวะ']"
Breast Abscess,ฝีที่เต้านม - นมแม่,5,"['เต้านมบวมแดง ร้อน และเจ็บปวดมาก', 'คลำได้ก้อน กดเจ็บมากบริเวณก้อน', 'มีไข้หนาวสั่น ปวดเมื่อยตามตัว อาจมีคลื่นไส้อาเจียนได้', 'ต่อมน้ำเหลืองใต้รักแร้ข้างเดียวกับเต้านมข้างที่เป็นฝีจะโตและเจ็บร่วมด้วย', 'วิธีการแก้ไขพบแพทย์ทันทีที่เริ่มมีอาการของเต้านมอักเสบหรือฝีที่เต้านม']"
Breast Cancer,มะเร็งเต้านม - มะเร็ง,5,"['บางครั้งผู้หญิงที่เป็นมะเร็งเต้านมอาจไม่มีอาการของมะเร็งเต้านม หรือบางครั้งอาการผิดปกติที่เป็นอาจไม่ใช่โรคมะเร็งก็ได้ ดังนั้นจึงควรไปพบแพทย์เมื่อมีอาการดังต่อไปนี้', 'มีก้อนหนาๆ ในเต้านมหรือใต้แขน', 'บริเวณหัวนมบุ๋ม มีน้ำเหลือง หรือมีแผล', 'เต้านมมีผื่น แดง ร้อน ผื่นคล้ายผิวส้ม', 'มีอาการปวดบริเวณเต้านม']"
Bronchitis,หลอดลมอักเสบ,3,"['มีไข้ต่ำ หนาวสั่น หรืออาจมีอ่อนเพลีย', 'ไอบ่อย อาจไม่มีหรือมีเสมหะเล็กน้อยในระยะแรก ต่อมาอาจมีเสมหะมากขึ้น', 'ในรายที่มีการติดเชื้อแบคทีเรียอาจมีไข้สูงหรือไอมีเสมหะข้นสีเขียวหรือเหลือง']"
Burns and Scalds,แผลไฟไหม้ - น้ำร้อนลวก - ผิวหนัง,5,"['เจ็บปวด', 'ผิวหนังแดง แห้ง ยังไม่มีตุ่มพุพอง สำหรับการไหม้ระดับที่หนึ่ง', 'ผิวหนังเปียกชื้น แดง กดแล้วซีด มีตุ่มพุพองทันทีหรือเกิดตามภายหลัง สำหรับการไหม้ระดับที่สอง', 'มีตุ่มพุพองทันที ผิวหนังเปียกชื้น ซีด สำหรับการไหม้มากในระดับที่สอง', 'ผิวหนังไหม้เกรียม หดตึง ไม่มีความรู้สึก สำหรับการไหม้ในระดับที่สาม']"
Cardiomegaly,ภาวะหัวใจโต - โรคหัวใจ,9,"['ภาวะหัวใจโตมักไม่มีอาการ แต่ถ้าไม่ได้รับการดูแลรักษาที่ถูกต้องก็อาจทำให้มีอาการที่แสดงถึงภาวะหัวใจล้มเหลวตามมา บางรายอาจมีอาการเล็กน้อยต่อเนื่องหลายปี หรือบางรายอาจมีอาการมากและเฉียบพลันได้ โดยลักษณะอาการที่เกิดขึ้น มีดังนี้', 'หายใจถี่ หายใจเหนื่อยหอบ', 'ใจสั่นหรือหัวใจเต้นไม่สม่ำเสมอ', 'เวียนศีรษะ อ่อนเพลียง่าย เมื่อยล้า', 'น้ำหนักเพิ่ม', 'ขาบวม', 'นอนราบไม่ได้เนื่องจากแน่นหน้าอก', 'ไอโดยเฉพาะเวลานอน', 'ภาวะหัวใจโตที่ตรวจพบในระยะต้นจะรักษาได้ง่าย ดังนั้นหากมีอาการดังกล่าวข้างต้นหรือวิตกกังวลว่าตนเองอาจมีภาวะนี้ให้ปรึกษาแพทย์']"
Cataracts,ต้อกระจก - ตา,5,"['ตามัว/มองเห็นไม่ชัดเจนโดยไม่มีอาการเจ็บปวด โดยเฉพาะเมื่ออยู่ในที่มีแสงสว่างจ้า แต่กลับมองเห็นเกือบปกติในที่มืดสลัว', 'มองเห็นภาพซ้อน เกิดจากความขุ่นของเลนส์แก้วตาไม่เท่ากัน การหักเหของแสงไปที่จอประสาทตาจึงไม่รวมเป็นจุดเดียว', 'มองเห็นแสงไฟกระจาย โดยเฉพาะเวลาขณะขับรถในตอนกลางคืน', 'เปลี่ยนแว่นตาบ่อย มองเห็นในระยะใกล้ดีขึ้นหรือไม่ต้องใส่แว่นตาในระยะมองใกล้', 'เห็นฝ้าขาวบริเวณกลางรูม่านตา']"
Cervical Spondylosis,โรคกระดูกสันหลังส่วนคอเสื่อม,3,"['อาการที่คอ:ปวดคอ บ่า หรือไหล่เรื้อรัง ผู้ป่วยบางรายอาจมีอาการปวดร้าวไปจนถึงบริเวณท้ายทอยได้ อาการปวดนี้อาจบรรเทาได้ด้วยการนวดหรือฝังเข็ม แต่ก็มีการกลับมาเป็นซ้ำเรื่อยๆ ไม่หายขาด', 'อาการที่แขน:อาการแสดงที่แขนมีได้ 3 แบบ คือ อาการปวด ชา หรือการอ่อนแรงของกล้ามเนื้อ อาการแสดงที่แขนนี้เกิดจากการที่เส้นประสาทสันหลังส่วนคอถูกรบกวน ผู้ป่วยอาจมีอาการปวดหรือชาลงมาตามบริเวณแขน ข้อศอก หรือนิ้วมือได้ การอ่อนแรงของกล้ามเนื้อก็มีลักษณะคล้ายอาการปวดและชา คือจะมีการอ่อนแรงของกล้ามเนื้อมัดที่เลี้ยงด้วยเส้นประสาทเส้นที่ถูกกดทับนั้น บางรายมาพบแพทย์เพราะไม่สามารถใช้มือทำงานละเอียดอ่อนได้เหมือนเดิม เช่น การเซ็นชื่อเขียนหนังสือ การเล่นดนตรี หรือการติดกระดุม เป็นต้น', 'อาการที่ขา:หากมีการกดทับของไขสันหลังมักไม่มีอาการปวด แต่อาการจะแสดงออกในลักษณะการเดินที่ผิดปกติ เช่น ขาตึงผิดปกติ รู้สึกโคลงเคลงเหมือนล้มง่าย เดินก้าวสั้น เดินตามคนอื่นไม่ทัน ผู้ป่วยบางรายอธิบายว่าเดินเหมือนขาเป็นตะเกียบ หรือเดินเหมือนหุ่นยนต์ อาการเหล่านี้หากทิ้งไว้นานอาการอาจแย่ลงจนมีกล้ามเนื้อลีบจนกระทั่งไม่สามารถเดินได้ในที่สุด']"
Chemical Eye Burns,การบาดเจ็บที่ตาจากสารเคมี - ตา,3,"['ถ้าโดนเปลือกตา เยื่อบุตา กระจกตา ระยะแรกตาจะบวมแดง ปวดแสบปวดร้อน เคืองตาน้ำตาไหลมาก และสู้แสงไม่ได้ ถ้าโดนกระจกตาจะทำให้สายตาพร่ามัว การตรวจตาจะพบการมองเห็นลดลงในรายที่รุนแรงและกระจกตาจะเปลี่ยนเป็นสีขาว เยื่อบุตาอักเสบแดงและผิวหลุดลอก', 'ในรายที่ความเสียหายของตามีมากจะเกิดภาวะแทรกซ้อนขึ้นทำให้เปลือกตาผิดรูปไป มีขนตาม้วนเข้าหาตาหรือม้วนออก ตาแห้งชนิดรุนแรง เยื่อบุตาติดกับเปลือกตา ทำให้กลอกตาหรือเปิดเปลือกตาไม่ได้ กระจกตาเป็นฝ้าขาว มีเส้นเลือดเข้ามาในกระจกตา กระจกตาบางลงจนถึงทะลุได้', 'มีต้อหินและต้อกระจกแทรกซ้อนและตาบอดในที่สุด']"
Childhood Epilepsy,โรคลมชักในเด็ก,3,"['อาการของโรคลมชักมีหลากหลายรูปแบบ ขึ้นอยู่กับกระแสไฟฟ้าในสมองผิดปกติที่ส่วนใดของสมองและรุนแรงมากน้อยแค่ไหน บางอาการสังเกตได้ยาก ทำให้ผู้ปกครองไม่ทราบว่าเด็กเป็นโรคลมชัก ดังนั้นผู้ปกครองควรหมั่นสังเกตว่าเด็กมีพฤติกรรมการเรียนรู้ที่แย่ลงโดยไม่ทราบสาเหตุหรือเด็กมีพฤติกรรมแปลกๆซ้ำๆหรือไม่ เช่น เหม่อลอย เรียกแล้วไม่รู้ตัว หัวเราะขึ้นมาโดยไม่มีสาเหตุ หูแว่วหรือเห็นภาพหลอน เป็นต้น โดยอาการชักที่พบได้บ่อยในเด็ก คือ', 'อาการชักแบบเหม่อลอยเด็กจะมีอาการเหม่อลอยหรือนิ่งไประหว่างคุย เรียกแล้วยังไม่รู้สึกตัว ไม่มีอาการทางกล้ามเนื้อหรือมีแต่น้อยมาก เช่นกระพริบตา มักเกิดกับเด็กที่มีอายุระหว่าง 5-10 ปี', 'อาการชักทั้งตัวโดยเวลาชักจะมีอาการเกร็งกระตุกโดยไม่รู้ตัวและจำไม่ได้ว่าตัวเองชัก']"
Chronic Kidney Disease ,โรคไตเรื้อรัง - ไต,10,"['ผู้ป่วยโรคไตในระยะเริ่มแรกหลายท่านอาจไม่มีอาการรุนแรง จนกระทั่งโรคมาถึงขั้นร้ายแรงแล้ว อาจมีอาการดังต่อไปนี้', 'อ่อนแรง', 'คิดอะไรไม่ค่อยออก', 'เบื่ออาหาร', 'นอนไม่หลับ', 'ผิวแห้ง คัน', 'กล้ามเนื้อเป็นตะคริวตอนกลางคืน', 'เท้าและข้อเท้าบวม', 'ตาบวมน้ำ โดยเฉพาะในตอนเช้า', 'ปัสสาวะบ่อย โดยเฉพาะตอนกลางคืน']"
Chronic Obstructive Pulmonary Disease (COPD),โรคปอดอุดกั้นเรื้อรัง - ปอด,2,"['ในระยะเริ่มแรก ผู้ป่วยจะยังไม่มีอาการปรากฎ จนกระทั่งปอดถูกทำลายมากขึ้น ผู้ป่วยจะเริ่มมีอาการไอเรื้อรัง มีเสมหะมากโดยเฉพาะในช่วงเช้าหลังตื่นนอน รู้สึกเหนื่อยหอบ หมดเรี่ยวแรง หายใจลำบาก แน่นหน้าอก หายใจมีเสียงหวีด ติดเชื้อในระบบทางเดินหายใจบ่อยๆ บางรายอาจมีอาการอื่นๆ ร่วมด้วย เช่น เจ็บหน้าอก ไอเป็นเลือด ปากและเล็บเปลี่ยนเป็นสีม่วง', 'เมื่อโรคลุกลามมากขึ้น ผู้ป่วยจะมีอาการเหนื่อยหอบมากจนไม่สามารถทำกิจกรรมต่างๆ ได้ตามปกติ น้ำหนักลดลงอย่างมาก ในระยะท้ายของโรคมักพบการติดเชื้อในระบบทางเดินหายใจ ภาวะหายใจวาย (respiratory failure) และหัวใจด้านขวาล้มเหลว']"
Cirrhosis,ตับแข็ง - ระบบทางเดินอาหาร,10,"['ผู้ป่วยที่มีภาวะตับแข็งอาจไม่มีอาการหรือมีอาการน้อยมาก หรืออาจมีอาการเนื่องจากภาวะแทรกซ้อนตามระยะของโรค ทั้งนี้อาการที่อาจพบได้ เช่น', 'อ่อนเพลีย เหนื่อยล้า ไม่อยากอาหาร ในบางครั้งอาจเกิดร่วมกับอาการคลื่นไส้ น้ำหนักลด', 'ในผู้หญิงอาจมีประจำเดือนผิดปกติ ในผู้ชายอาจมีเต้านมขยายใหญ่ขึ้นพร้อมอาการปวด สมรรถภาพทางเพศลดลง', 'ขาบวมหรือท้องโตขึ้น เนื่องจากโปรตีนอัลบูมินถูกผลิตน้อยลง ส่งผลให้มีน้ำสะสมในขาหรือท้อง', 'ฟกช้ำหรือเลือดออกได้ง่าย เนื่องจากมีการผลิตโปรตีนที่เป็นส่วนประกอบในการทำให้เลือดแข็งตัวลดลง', 'อาการดีซ่าน หรืออาการตัวเหลืองตาเหลือง ซึ่งเกิดจากการสะสมเม็ดสีของน้ำดี', 'มีอาการคันที่ผิวหนังอย่างรุนแรง เนื่องจากสารประกอบของน้ำดีถูกฝังอยู่ในผิวหนัง', 'มีอาการทางสมอง เนื่องจากตับไม่สามารถกรองสารพิษออกมาได้ จึงเริ่มสะสมในเลือด โดยสัญญาณแรกของการสะสมสารพิษในสมองอาจสังเกตได้จากการที่ผู้ป่วยละเลยการดูแลตนเอง ไม่มีอาการตอบโต้ ลืมง่าย ไม่มีสมาธิ', 'มีความไวต่อยาและผลข้างเคียง เนื่องจากในผู้ป่วยโรคตับแข็งตับจะไม่สามารถกรองยาออกจากเลือดได้ในอัตราปกติ ตัวยาจึงออกฤทธิ์นานขึ้นและสะสมอยู่ในร่างกาย', 'มีเลือดออกอย่างรุนแรงในกระเพาะอาหารส่วนบนหรือหลอดอาหาร เนื่องมาจากการไหลเวียนของเลือดผิดปกติ ซึ่งจัดเป็นอาการที่รุนแรงและอันตราย แพทย์ต้องรีบหยุดเลือดโดยเร็ว']"
Colitis,ลำไส้ใหญ่อักเสบ - ระบบทางเดินอาหาร,7,"['อาการของลำไส้ใหญ่ขึ้นกับแต่ละสาเหตุ โดยอาจพบอาการดังนี้', 'ปวดท้อง', 'ท้องอืด', 'ท้องเสียโดยอาจมีมูกปน', 'ทั้งนี้อาจมีอาการอื่นๆ ที่เกิดร่วมด้วยได้ เช่น', 'มีไข้ หนาวสั่น ซึ่งเกิดจากการติดเชื้อ', 'อ่อนเพลีย']"
Colon cancer,มะเร็งลำไส้ใหญ่ - มะเร็ง,8,"['ในบางครั้งมะเร็งลำไส้ใหญ่อาจไม่มีอาการผิดปกติบ่งชี้ ทำให้ผู้ป่วยไม่ทราบว่าตนเองป่วยเป็นโรคมะเร็งลำไส้ใหญ่ หรือบางครั้งอาการที่พบอาจคล้ายกับอาการของโรคอื่น ดังนั้นจึงควรไปพบแพทย์เมื่อมีอาการดังต่อไปนี้', 'ท้องเสีย ท้องผูก หรือรู้สึกท้องอืด', 'อุจจาระปนเลือดสดๆ หรือเลือดสีคล้ำมาก', 'ลักษณะอุจจาระมีการเปลี่ยนแปลงไป เช่น เรียวยาวกว่าปกติ หรือเป็นเม็ดๆ', 'ไม่สบายท้อง รวมทั้งปวดแสบร้อน อาหารไม่ย่อย และปวดเกร็ง', 'น้ำหนักตัวลดโดยไม่ทราบสาเหตุ', 'อ่อนเพลียหรืออ่อนแรง', 'โลหิตจาง']"
Common cold,ไข้หวัด,7,"['ไข้ตัวร้อน ครั่นเนื้อครั่นตัว', 'อ่อนเพลีย', 'ปวดศีรษะ', 'คัดจมูก มีน้ำมูกใส', 'จาม', 'คอแห้ง เจ็บคอ', 'อาจมีอาการไอ ซึ่งมีได้ทั้งไอแห้งหรือไอมีเสมหะ']"
Congenital Nasolacrimal Duct Obstruction,ภาวะท่อน้ำตาอุดตันแต่กำเนิด - ตา,1,['ตาข้างที่มีการอุดตันของท่อน้ำตาจะมีน้ำตาคลอตลอดเวลา และอาจมีการอักเสบหรือมีขี้ตาเป็นๆ หายๆ']
Conjunctivitis,โรคตาแดง - ตา,8,"['อาการของโรคตาแดงอาจเกิดกับดวงตาข้างใดข้างหนึ่ง หรือทั้งสองข้างก็ได้ ในกรณีที่เป็นสองข้าง ผู้ป่วยจะเริ่มมีอาการที่ดวงตาข้างหนึ่งก่อนแล้วจึงลามไปอีกข้างภายใน 2-3 วัน โดยอาการที่พบได้แก่', 'ตาแดง', 'ปวดเล็กน้อยในเบ้าตา', 'คันตา เคืองตา รู้สึกเหมือนมีสิ่งแปลกปลอมในดวงตา', 'น้ำตาไหล', 'เปลือกตาบวม อาจพบตุ่มเล็กๆ กระจายอยู่ทั่วไป', 'ในกรณีที่ติดเชื้อแบคทีเรียร่วมด้วย จะมีขี้ตามากทำให้ลืมตายากในช่วงตื่นนอน', 'ระยะเวลาของโรคจะอยู่ที่ประมาณ 2 สัปดาห์ ส่วนภาวะแทรกซ้อนที่พบได้คือ ในระยะที่อาการตาแดงเริ่มดีขึ้น ผู้ป่วยบางรายอาจมีอาการกระจกตาอักเสบจากเชื้อไวรัสที่ลุกลามไปยังกระจกตา ส่งผลให้มีอาการตาพร่ามัว ซึ่งหากไม่ได้รับการรักษาอย่างเหมาะสม อาการตามัวอาจคงอยู่นานถึง 1-2 เดือน']"
Corns,ตาปลา - ผิวหนัง,2,"['อาการของตาปลาผิวหนัง คือ ผิวหนังหยาบกระด้าง แข็งขึ้น ไม่เจ็บปวดหรือเจ็บน้อยมาก มีสีเหลืองหรือแดง', 'อาการของตาปลานิ้วเท้า คือ เกิดตุ่มเล็กๆ แต่เจ็บมากบริเวณด้านข้างหรือด้านบนของเท้า หรือระหว่างนิ้วเท้า มีสีเหลืองหรือแดง']"
COVID-19 and Pregnancy,โควิด-19 กับสตรีตั้งครรภ์,2,"['อาการส่วนใหญ่คล้ายกับไข้หวัดใหญ่ โดยผู้ป่วยที่รับไว้ในโรงพยาบาลส่วนใหญ่ร้อยละ 83 มีไข้ ร้อยละ 82', 'ไอแห้ง ร้อยละ 31 หายใจติดขัด ร้อยละ 11 ปวดเมื่อยกล้ามเนื้อ มีเพียงร้อยละ 5 เจ็บคอและร้อยละ 4 เท่านั้นที่มีน้ำมูกไหล รายที่มีอาการรุนแรงจะเกิดปอดอักเสบ ระบบหายใจล้มเหลว และเสียชีวิตได้ ปัจจุบันยังไม่พบหลักฐานที่มีรายงานทางการแพทย์ว่า สตรีตั้งครรภ์ที่ติดเชื้อโรคโควิด-19 จะมีอาการและอาการแสดงแตกต่างจากคนทั่วไป หรือมีความเสี่ยงสูงที่โรคจะรุนแรง ไม่พบหลักฐานว่าจะเกิดการติดเชื้อผ่านทางรกไปยังทารกในครรภ์ในช่วงไตรมาสที่ 3 ของการตั้งครรภ์ เนื่องจากตรวจไม่พบเชื้อโรคจากน้ำคร่ำ เลือดจากสายสะดือทารก สารคัดหลั่งในช่องคลอด สารคัดหลั่งที่ป้ายจากลำคอทารกแรกเกิด หรือน้ำนม ผลของโรคต่อการตั้งครรภ์ยังสรุปได้ไม่ชัดเจน เนื่องจากข้อมูลมีจำกัด']"
Cystitis (Inflammation of the Bladder),กระเพาะปัสสาวะอักเสบ - ระบบทางเดินปัสสาวะ,4,"['อาการของโรคกระเพาะปัสสาวะอักเสบ ที่มักพบบ่อยได้แก่', 'ปัสสาวะบ่อย แต่ครั้งละน้อยๆ มีอาการคล้ายถ่ายปัสสาวะไม่สุด', 'รู้สึกปวดบริเวณท้องน้อย ปวดแสบ ขัด ขณะปัสสาวะโดยเฉพาะตอนปัสสาวะสุด', 'ปัสสาวะขุ่น บางครั้งมีกลิ่นผิดปกติ ในรายที่เป็นมากอาจปัสสาวะมีเลือดปน']"
Dandruff,รังแค - ผิวหนัง,1,['อาการของรังแคจะแตกต่างกันไปตั้งแต่เล็กน้อยจนถึงขั้นรุนแรง เช่น หนังศีรษะแห้งเป็นขุยหรือมัน อาจมีแดง เป็นขุยลอก ที่บริเวณหน้าผาก คิ้ว ร่องจมูก และแก้ม']
Deep Vein Thrombosis,ภาวะลิ่มเลือดอุดตันในหลอดเลือดดำส่วนลึก,6,"['ปวดขาหรือมีอาการเจ็บที่บริเวณน่อง', 'แขนขาบวม บวมบริเวณข้อเท้า', 'เส้นเลือดมีลักษณะแข็ง กดแล้วเจ็บ', 'สีของขาอาจเปลี่ยนเป็นสีเขียวคล้ำ', 'บวมแดง ผิวหนังบริเวณเส้นเลือดจะมีสีซีดจางหรือช้ำ', 'เส้นเลือดขยายตัว มีการบวมร้อน']"
Dementia,สมองเสื่อม,9,"['พูดหรือถามเรื่องเดิมซ้ำๆ ภายในระยะเวลาสั้นๆ', 'ลืมเหตุการณ์ที่เพิ่งเกิดมาไม่นาน', 'หาของไม่เจอบ่อยๆ', 'ลืมนัดสำคัญบ่อยๆ', 'สับสนเรื่องทิศทาง หลงทางในที่คุ้นเคย', 'นึกคำพูดยากขึ้นหรือใช้คำผิดบ่อยๆ', 'บุคลิก อารมณ์เปลี่ยน', 'บกพร่องในทักษะที่เคยทำได้ เช่น การใช้รีโมทโทรทัศน์ การทำกับข้าว', 'โดยอาการมักจะค่อยเป็นมากขึ้นเรื่อยๆ ในระยะเวลาเป็นเดือนหรือปี']"
Dengue Fever,โรคไข้เลือดออก,11,"['อาการของผู้ที่ติดเชื้อไวรัสเดงกีนั้น แบ่งเป็น 2 ชนิดตามความรุนแรง คือ', 'ไข้เดงกี', 'ไข้เลือดออก', 'โรคไข้เดงกี (dengue fever) ซึ่งอาการที่พบได้แก่ ปวดศีรษะ ปวดกระบอกตา ปวดเมื่อยตามตัว ปวดข้อหรือกระดูก มีผื่นขึ้นคล้ายผื่นของโรคหัด และอาจมีภาวะเลือดออกหรือไม่มีก็ได้', 'ส่วนโรคไข้เลือดออกนั้น นอกจากจะมีอาการเช่นเดียวกับโรคไข้เดงกีแล้ว ยังมีอาการอื่นๆ ซึ่งเป็นลักษณะเฉพาะของโรค คือ', 'มีไข้สูงเฉียบพลันเกิน 38 องศาเซลเซียสประมาณ 2-7 วัน', 'คลื่นไส้ อาเจียน เบื่ออาหาร', 'หน้าแดง อาจพบจ้ำเลือดหรือจุดเลือดออกสีแดงเล็กๆ ตามผิวหนัง หรือมีเลือดออกบริเวณอื่น เช่น เลือดกำเดาไหล เลือดออกตามไรฟัน ปัสสาวะ อุจจาระมีเลือดปน', 'ปวดท้องอย่างรุนแรง กดเจ็บชายโครงด้านขวา', 'ในรายที่มีอาการรุนแรงมาก หลังจากมีไข้มาแล้วหลายวันผู้ป่วยอาจเกิดภาวะการไหลเวียนโลหิตล้มเหลวหรือภาวะช็อก และเข้าสู่ระยะที่เรียกว่า กลุ่มอาการไข้เลือดออกช็อก (dengue shock syndrome) โดยผู้ป่วยจะมีอาการกระสับกระส่าย ปลายมือปลายเท้าเย็น ปัสสาวะน้อยลง ไข้ลดลงอย่างรวดเร็ว ความดันโลหิตลดต่ำ วัดชีพจรไม่ได้', 'สำหรับผู้ป่วยที่ไม่มีภาวะช็อก หลังจากมีไข้สูง 2-7 วัน ไข้จะเริ่มลดลง ระบบไหลเวียนโลหิตเริ่มเข้าสู่ภาวะปกติ ความดันโลหิตและชีพจรเริ่มคงที่ เมื่อผ่านไป 2-3 วันจึงเข้าสู่ระยะหายเป็นปกติ ผู้ป่วยจะมีอาการดีขึ้น ไข้ลดลง เริ่มรับประทานอาหารได้ อาการปวดท้องดีขึ้น ระยะนี้มักพบผื่นแดงและคันตามฝ่ามือและฝ่าเท้าซึ่ง จะหายได้เองภายใน 1 สัปดาห์']"
Depression,โรคซึมเศร้า - ศูนย์สุขภาพจิต ,10,"['หากคุณสงสัยว่าตัวเองหรือคนใกล้ชิดเป็นโรคซึมเศร้า ให้สังเกตอาการดังต่อไปนี้ หากมีอย่างน้อย 5 อย่างหรือมากกว่าติดต่อกันอย่างน้อย 14 วันและมีอาการเหล่านี้อยู่เกือบทั้งวัน ถือว่าเข้าข่ายเป็นโรคซึมเศร้า', 'มีอารมณ์ซึมเศร้า (เด็กหรือวัยรุ่นอาจมีอาการหงุดหงิด โกรธง่าย)', 'เบื่อ หมดความสนใจหรือความสุขในการทำกิจกรรมต่างๆ', 'นอนไม่หลับ หรือหลับๆตื่นๆหรือหลับมาก', 'เหนื่อยง่ายหรือไม่ค่อยมีแรง', 'เบื่ออาหารหรือกินมากเกินไป', 'รู้สึกไร้ค่า รู้สึกไม่ดีกับตัวเอง', 'ไม่มีสมาธิหรือลังเลใจไปหมด', 'พูดช้า ทำอะไรช้าลงหรือกระวนกระวาย ไม่อยู่นิ่ง', 'มีความคิดอยากตาย คิดทำร้ายตัวเอง']"
Diverticular Disease,โรคกระเปาะที่ลำไส้ใหญ่,7,"['โดยส่วนใหญ่แล้วผู้ป่วยที่ไม่มีโรคแทรกซ้อนมักไม่มีอาการอะไร แต่ก็มีผู้ป่วยที่อาจพบอาการ เช่น แน่นท้อง ท้องผูกหรือท้องเสีย ปวดเกร็งท้องส่วนล่าง โรคนี้มักตรวจพบโดยบังเอิญจากการเอกซเรย์สวนแป้งแบเรียม (barium enema) การส่องกล้องลำไส้ใหญ่ส่วนปลาย (sigmoidoscopy) หรือการส่องกล้องลำไส้ใหญ่ (colonoscopy) ผู้ที่ไม่มีอาการจากโรคแทรกซ้อนส่วนใหญ่จะไม่มีอาการตลอดไป มีเพียงประมาณ 15-25% ที่มึภาวะเลือดออกจากเส้นเลือดในกระเปาะ', 'หากกระเปาะที่ลำไส้ใหญ่เกิดอาการอักเสบ (diverticulitis) ผู้ป่วยอาจมีอาการดังนี้', 'ปวดท้อง ซึ่งมักเกิดบริเวณหน้าท้องส่วนล่างด้านซ้าย', 'คลื่นไส้ อาเจียน', 'ท้องผูกหรือท้องเสีย', 'มีไข้ หนาวสั่น', 'อย่างไรก็ดี หากผู้ป่วยได้รับการวินิจฉัยที่ถูกต้องและได้รับยาปฏิชีวนะที่ถูกต้องจะหายได้เป็นส่วนใหญ่ มีเพียงส่วนน้อยเท่านั้นที่อาจเกิดภาวะแทรกซ้อนได้']"
Dry Eye,ตาแห้ง - ตา,6,"['คันตา แสบตา ระคายเคืองตา', 'มีความรู้สึกเหมือนมีสิ่งแปลกปลอมคล้ายทรายหรือฝุ่นอยู่ในตา', 'แพ้แสง แพ้ลม', 'บริเวณตาขาวมีสีแดงจากการอักเสบ ขอบเปลือกตาแดง', 'ตามัวในบางขณะ', 'รู้สึกไม่สบายตาเมื่อตื่นนอน']"
Duodenitis,ลำไส้เล็กส่วนต้นอักเสบ,5,"['ปวดท้องส่วนบน', 'ท้องอืด อาหารไม่ย่อย', 'คลื่นไส้โดยอาจมีหรือไม่มีอาการอาเจียนร่วมด้วยก็ได้', 'เบื่ออาหาร', 'อุจจาระมีเลือดปน (เลือดอาจเป็นสีแดงสด ดำ หรือลักษณะเหมือนน้ำมันดิน)']"
Dyspepsia,อาหารไม่ย่อย ท้องอืด,6,"['ความรู้สึกอิ่มแน่นระหว่างมื้ออาหาร ผู้ป่วยจะรู้สึกอิ่มมากเกินไปหลังจากเริ่มรับประทานอาหารได้ไม่นานและไม่สามารถรับประทานได้หมด', 'ความรู้สึกอิ่มแน่นหลังมื้ออาหารที่ทำให้รู้สึกไม่สุขสบาย ผู้ป่วยจะรู้สึกอิ่มมากเกินไปภายหลังมื้ออาหาร ซึ่งเป็นความรู้สึกคล้ายมีอาหารค้างอยู่ในกระเพาะอาหารนานเกินไป', 'อาการปวดบริเวณลิ้นปี่ (บริเวณลิ้นปี่อยู่ระหว่างปลายกระดูกหน้าอกชิ้นล่างสุดและสะดือ) อาจเกิดได้ตั้งแต่เล็กน้อยจนถึงรุนแรง', 'แสบร้อนกลางอก ผู้ป่วยรู้สึกแสบร้อนไม่พึงประสงค์บริเวณลิ้นปี่', 'อาการอื่นๆ ของอาหารไม่ย่อยที่พบได้ไม่บ่อย คือ อาการคลื่นไส้และท้องอืดซึ่งเป็นอาการตึงแน่นไม่สบายในท้อง อาการคลื่นไส้และท้องอืดอาจเกิดจากสาเหตุอื่นนอกเหนือจากอาหารไม่ย่อย', 'บางครั้งคำว่าอาหารไม่ย่อยอาจใช้อธิบายอาการแสบร้อนกลางอก แต่ทั้งสองอย่างนี้เป็นอาการที่แตกต่างกัน อาการแสบร้อนกลางอกคืออาการปวด รู้สึกแสบร้อนในอกที่แผ่ออกไปยังบริเวณคอหรือหลัง อาการแสบร้อนกลางอกมีสาเหตุจากกรดในกระเพาะอาหารไหลย้อนขึ้นมายังหลอดอาหารทำให้เกิดอาการของโรคกรดไหลย้อน ผู้ป่วยอาจมีทั้งอาการอาหารไม่ย่อยและแสบร้อนกลางอกร่วมกันได้']"
Epidemic Keratoconjunctivitis (EKC),เยื่อบุตาอักเสบที่เกิดจากเชื้อไวรัส - ตา,6,"['ตาแดง อาจเริ่มแดงข้างใดข้างหนึ่งก่อนแล้วจึงลามไปอีกข้างหนึ่ง', 'คันตา รู้สึกระคายเคืองคล้ายผงเข้าตา เจ็บตา', 'ถูกแสงจะเคืองตาน้ำตาไหลมาก', 'อาจมีอาการหนังตาบวมร่วมด้วย', 'อาจมีขี้ตาตอนเช้า ทำให้ลืมตาไม่ค่อยได้ เพราะมีขี้ตาแห้งกรัง', 'ต่อมน้ำเหลืองที่หน้าหูโตและกดเจ็บ']"
Epidermal Cysts,ซีสต์ในผิวหนังชั้นนอก,4,"['ก้อนเล็กนูนเกิดขึ้นใต้ผิวหนัง', 'มีกลิ่นเหม็น มีของเหลวหนืดไหลซึมออกมาจากก้อนนูน', 'หากเกิดการอักเสบจะเป็นสีแดง กดแล้วเจ็บรอบๆ ก้อนนูน', 'อย่างไรก็ตาม อาการทั้งหมดนี้อาจเกิดจากสาเหตุอื่นๆ ที่ไม่ใช่ซีสต์ในผิวหนังชั้นนอกก็ได้ หากมีอาการดังกล่าวข้างต้นควรปรึกษาแพทย์เพื่อทำการวินิจฉัย']"
Epilepsy,ลมชัก - สมอง,13,"['อาการชักที่มักพบได้บ่อยจะแบ่งเป็น 2 กลุ่มใหญ่', 'ชักทั้งตัว (Generalized seizures) เกิดจากการส่งสัญญาณคลื่นไฟฟ้าจากส่วนลึกของสมองผิดปกติกระจายไปทั่วสมอง ไม่พบความผิดปกติที่เห็นได้ในเนื้อสมอง เชื่อว่าพันธุกรรมมีส่วนเกี่ยวข้อง อาการที่เกิดขึ้นมีหลากหลายรูปแบบตามประเภทของการชัก เช่น เกร็ง กระตุก เหม่อลอย สูญเสียการตึงตัวของกล้ามเนื้อทันทีและล้มลงโดยไม่มีการเกร็งกระตุก ผู้ป่วยส่วนใหญ่มักมีอาการเกร็งกระตุกหมดสติทันทีทันใด กล้ามเนื้อลำตัวและแขนขาเกร็ง หยุดหายใจชั่วขณะ หน้าเขียว กัดลิ้น ปัสสาวะราด และหลับไป เมื่อตื่นรู้ตัวจะมีอาการปวดเมื่อยตามตัว เพลีย ปวดศีรษะ บางรายยังไม่ตื่นก็เกิดอาการชักซ้ำ ผู้ป่วยส่วนใหญ่ที่มีอายุน้อยในบางรายจะแสดงอาการเหม่อลอยเป็นพักๆ ไม่มีอาการเกร็งกระตุกหรือหมดสติ ซึ่งเป็นอาการชักอีกรูปแบบแบบหนึ่งและมีอาการไม่กี่วินาที', 'ชักเฉพาะที่ (Partial seizures/Focal seizures) เกิดจากจุดกำเนิดสัญญาณคลื่นไฟฟ้าที่ผิดปกติเฉพาะบริเวณจํากัด จากเนื้อสมองไม่ใช่แกนสมอง อาการชักที่เกิดจะแตกต่างกันขึ้นอยู่กับตำแหน่งของสัญญาณคลื่นไฟฟ้าที่ผิดปกติบนผิวสมอง เช่น', 'กระตุกใบหน้า มุมปาก แขนหรือขา', 'ชาหรือรู้สึกเหมือนถูกเข็มตำที่แขนขาเป็นพักๆ ', 'เห็นแสงสว่างหรือเห็นเป็นรูปร่าง เห็นภาพหลอน', 'ได้กลิ่นแปลก รสแปลกๆ หูแว่วได้ยินเสียง', 'อาการทางระบบประสาทอัตโนมัติ เช่น ปวดท้อง ใจสั่น ใจหวิว เหงื่อออก', 'ทั้งนี้มีผู้ป่วยบางรายที่เริ่มชักเฉพาะที่ก่อนแล้วการชักแพร่กระจายกลายเป็นชักทั้งตัว', 'อาการที่คล้ายลมชัก ได้แก่', 'เป็นลมหรือหมดสติ', 'อาการนำของอัมพฤกษ์', 'อาการน้ำตาลในเลือดต่ำ']"
Erectile Dysfunction,การหย่อนสมรรถภาพทางเพศ - สาเหตุและรักษา,1,['อวัยวะเพศชายไม่สามารถแข็งตัวหรือคงความแข็งตัวไว้ได้ จนทำให้เกิดความพอใจในขณะปฏิบัติกิจทางเพศได้']
Esophageal Cancer,มะเร็งหลอดอาหาร - มะเร็ง |,9,"['มะเร็งหลอดอาหารในระยะเริ่มต้นมักไม่ค่อยก่อให้เกิดอาการ แต่เมื่อเป็นมากขึ้นอาจมีอาการแสดงดังนี้', 'กลืนอาหารลำบาก โดยเฉพาะเมื่อรับประทานอาหารแข็ง เช่น เนื้อสัตว์ ขนมปัง หรือผักสด แต่เมื่อโรคลุกลามขึ้นจนก้อนมะเร็งไปอุดตันทางเดินอาหารก็จะทำให้เกิดอาการเจ็บ แม้แต่การดื่มน้ำ', 'แน่นหน้าอกหรือแสบร้อนในช่องอก', 'รู้สึกท้องอืด อาหารไม่ย่อย', 'คลื่นไส้', 'สำลักหลังกลืนอาหาร', 'น้ำหนักตัวลดลงโดยไม่ทราบสาเหตุ', 'ไอ', 'เจ็บบริเวณกระดูกหน้าอกหรือในลำคอ']"
Exophthalmos (Bulging Eyes) Due to Thyrotoxicosis,ตาโปนจากภาวะไทรอยด์เป็นพิษ,2,"['อาการข้างเคียงที่มักเกิดร่วมกับตาโปน ได้แก่ ความสามารถในการมองเห็นลดลง ตามัว เห็นภาพซ้อน เคืองตา ตาแดงตาแห้งน้ำตาไหลมากผิดปกติ ผู้ป่วยจะรู้สึกตึงแน่นเหมือนมีอะไรดันอยู่หลังลูกตา', 'นอกจากนี้ ยังมีลักษณะภายนอกที่เกิดร่วมกับตาโปน เช่น หลับตาไม่สนิท เปลือกตารั้งขึ้นไปด้านหลัง ทำให้เปลือกตาบนสูงเกินระดับปกติ เปลือกตาล่างต่ำเกินไปจากระดับปกติ ตาเข และอาจมีต้อหินแทรกได้']"
Fatty Liver Disease,ไขมันพอกตับ - ตับ,1,['โดยทั่วไปโรคไขมันพอกตับไม่ทำให้เกิดอาการทางร่างกาย หรือหากมีอาการก็อาจเป็นอาการที่ไม่เฉพาะเจาะจงมากพอที่จะบ่งบอกโรคได้ เช่น อ่อนเพลีย คลื่นไส้เล็กน้อย รู้สึกตึงบริเวณใต้ชายโครงขวา โดยส่วนใหญ่การตรวจพบโรคไขมันพอกตับจึงมักพบเมื่อผู้ป่วยเข้ารับการเจาะเลือดตรวจสุขภาพประจำปีหรือตรวจทางการแพทย์ด้วยเหตุผลอื่นๆ']
Femoral Neck Fracture ,ภาวะคอกระดูกต้นขาบริเวณสะโพกหัก - ข้อ,2,"['ผู้ป่วยที่มีภาวะคอกระดูกต้นขาบริเวณสะโพกหัก จะมาด้วยอาการปวดสะโพกบริเวณขาหนีบ ไม่สามารถเดินลงน้ำหนักข้างที่หักได้', 'ตรวจร่างกายมักพบ ขาสั้นลงกว่าข้างปกติ และอยู่ในท่าหมุนออกด้านนอก มีจุดกดเจ็บบริเวณขาหนีบ ไม่สามารถหมุนหรือขยับสะโพกข้างที่บาดเจ็บได้']"
Fibrocystic Breast Disease,ไฟโบรซิสติคของเต้านม,4,"['เต้านมบวม', 'เจ็บเต้านม', 'พบก้อนที่เต้านมเพียง 1 ก้อนหรือมากกว่านั้น พบได้ทั้งสองข้างของเต้านม ก้อนเนื้อมีขอบเขตไม่ชัดเจน', 'อาการปวดจะรุนแรงขึ้นเมื่อถึงช่วงมีรอบเดือน']"
Functional GI Disorders ,โรคความผิดปกติของการทำงานของระบบทางเดินอาหาร,1,['อาการที่มักพบได้บ่อย เช่น การปวดท้องโดยไม่ทราบสาเหตุ อาการแสบร้อนที่หน้าอกหรือลิ้นปี่ ขย้อนอาหาร แน่นหรือเจ็บหน้าอกหรืออาจมีอาการไอเรื้อรัง หอบหืดเรื้อรัง ร่วมด้วย ท้องอืด กลืนอาหารจุกที่คอ ท้องผูก ท้องเสีย หรือท้องผูกสลับท้องเสีย']
Gallstones,นิ่วในถุงน้ำดี - ระบบทางเดินอาหาร,6,"['โดยทั่วไปแล้วนิ่วในถุงน้ำดีไม่ก่อให้เกิดอาการ ผู้ป่วยมักจะทราบว่าเป็นโรคก็เมื่อมาตรวจสุขภาพหรือพบแพทย์ด้วยปัญหาสุขภาพอื่น แต่เมื่อมีอาการเกิดขึ้น อาการที่อาจพบได้ ได้แก่', 'ปวดท้องอย่างรุนแรงโดยเฉพาะบริเวณช่วงท้องส่วนบนหรือด้านขวา โดยมีระยะเวลาปวดตั้งแต่ 15 นาทีถึงหลายชั่วโมง และอาจมีอาการปวดร้าวไปยังบริเวณกระดูกสะบักหรือบริเวณไหล่ด้านขวา', 'อาเจียน', 'คลื่นไส้', 'อาการทางระบบทางเดินอาหารอื่นๆ เช่น ท้องอืด ท้องเฟ้อ อาหารไม่ย่อย แสบร้อนที่ยอดอก มีลมในกระเพาะอาหาร โดยเฉพาะเสียดแน่นท้องบริเวณลิ้นปี่หลังรับประทานอาหารมัน', 'หากมีอาการของถุงน้ำดีอักเสบเฉียบพลัน จะทำให้มีไข้ ปวดท้องใต้ชายโครงขวา และอาจมีอาการตัวเหลืองตาเหลือง ปัสสาวะมีสีเข้มได้']"
Gallstones,นิ่วในถุงน้ำดี - ระบบทางเดินอาหาร,2,"['เนื่องจากถุงน้ำดีเป็นเพียงตัวเก็บพักน้ำดี ในกรณีที่ผ่าตัดเอาถุงน้ำดีออก น้ำดียังคงถูกสร้างจากตับและไหลลงมาตามท่อน้ำดีเข้าสู่ลำไส้เล็กเพื่อย่อยไขมันตามปกติ เพียงแต่อาจไม่เข้มข้นเท่าเดิม ทั้งนี้พบว่า 10% ของคนที่ไม่มีถุงน้ำดีอาจมีอาการท้องเสียจากน้ำดีไหลออกมามากเกินไปได้', 'สำหรับการผ่าตัดถุงน้ำดีโดยการส่องกล้องควรทำโดยแพทย์ที่มีความเชี่ยวชาญ มิฉะนั้นอาจเกิดภาวะแทรกซ้อน เช่น ตัดโดนท่อน้ำดี ท่อน้ำดีรั่ว หรือท่อน้ำดีตันได้']"
Gas in the Digestive Tract ,การมีลมหรือแก๊สในกระเพาะอาหาร,4,"['เรอ ', 'ผายลม ', 'ท้องอืด ', 'ปวดและอึดอัดท้อง']"
Gastritis,กระเพาะอาหารอักเสบ - ระบบทางเดินอาหาร,8,"['ในหลายกรณีที่กระเพาะอาหารอักเสบไม่แสดงอาการ แต่หากมีอาการเกิดขึ้น อาการเหล่านั้นได้แก่', 'รู้สึกไม่สบายท้อง', 'จุกแน่นใต้ลิ้นปี่ โดยเฉพาะหลังมื้ออาหาร', 'ปวดแสบท้อง', 'อาหารไม่ย่อย', 'คลื่นไส้และอาเจียน', 'เบื่ออาหาร', 'อาจอาเจียนปนเลือด']"
Gastroenteritis,กระเพาะอาหารและลำไส้อักเสบ,6,"['อาการของกระเพาะอาหารและลำไส้อักเสบจะขึ้นกับสาเหตุที่ทำให้เกิดการอักเสบ โดยอาจมีอาการได้ตั้งแต่ 1 วันไปจนถึงเป็นสัปดาห์ อาการที่อาจพบได้ เช่น', 'คลื่นไส้ อาเจียน', 'ท้องเสีย ถ่ายเป็นน้ำ', 'ปวดเกร็งท้อง', 'มีไข้ต่ำๆ', 'มีภาวะขาดน้ำเนื่องจากท้องเสียหรืออาเจียน']"
Gastroesophageal Reflux Disease (GERD),โรคกรดไหลย้อน - ระบบทางเดินอาหาร,12,"['อาการสำคัญที่พบบ่อยในโรคกรดไหลย้อน ได้แก่', 'ความรู้สึกแสบร้อนบริเวณลิ้นปี่ กลางหน้าอก ซึ่งมักเกิดหลังรับประทานอาหารเสร็จใหม่ๆ', 'ความรู้สึกเปรี้ยวหรือขมในปากและคอ', 'มีอาหารย้อนขึ้นมาในปากและคอ', 'จุกเสียด แน่นท้องบริเวณลิ้นปี่', 'นอกจากอาการเหล่านี้แล้ว โรคกรดไหลย้อนยังก่อให้เกิดอาการอื่นๆ ได้อีก เช่น', 'อาการเจ็บหน้าอกที่ไม่ได้เกิดจากโรคหัวใจ', 'เสียงแหบเรื้อรัง เสียงเปลี่ยน', 'ไอเรื้อรังโดยไม่มีสาเหตุชัดเจน', 'กลืนติดขัดเหมือนมีก้อนจุกในคอ', 'อาการทางช่องปาก เช่น ฟันผุ มีกลิ่นปาก', 'โรคหืดที่ไม่ตอบสนองต่อการรักษาด้วยยาตามปกติ']"
Glucose-6-Phosphate Dehydrogenase (G6PD) Deficiency,โรคพร่องเอนไซม์ G6PD,2,"['มีภาวะซีด เหลือง จากการที่เม็ดเลือดแดงแตกอย่างเฉียบพลัน ซึมลง อุณหภูมิกายสูงขึ้น ในเด็กทารกจะพบภาวะเหลืองที่ยาวนานกว่าปกติ', 'ปัสสาวะเหลืองเข้มหรือสีดำเหมือนสีน้ำชาหรือโค้ก ในรายที่ปัสสาวะน้อยอาจนำไปสู่ภาวะไตวายเฉียบพลันได้']"
Gout,โรคเก๊าท์ - ข้อ,1,['ผู้ป่วยโรคเก๊าท์จะมีอาการปวด บวมแดง ร้อนบริเวณข้ออย่างฉับพลันทันทีทันใด โดยมักเริ่มจากข้อบริเวณโคนนิ้วหัวแม่เท้า แต่ก็สามารถเกิดกับข้ออื่นๆ ได้ เช่น ข้อเท้า ข้อเข่า ข้อมือ ซึ่งจะเป็นๆ หายๆ ในระยะแรก โรคเก๊าท์ที่ไม่ได้รับการรักษาหรือดูแลอย่างถูกต้อง อาการอักเสบจะรุนแรงมากขึ้นทำให้ผู้ป่วยปวดถี่ขึ้นและนานขึ้นจนอาจกลายเป็นโรคข้ออักเสบเรื้อรัง และอาจส่งผลให้เกิดภาวะแทรกซ้อนอื่นๆ ตามมา เช่น โรคไตนิ่วในทางเดินปัสสาวะและไตวาย']
Hair loss,ผมร่วง - ผิวหนัง,1,['อาการของโรคนี้จะขึ้นอยู่กับประเภทของผมร่วงอาการที่พบส่วนใหญ่ก็คือ ผมร่วงกลางศีรษะ ผมบางและค่อยๆ หลุดร่วง รวมถึงมีอาการหลุดออกแค่การดึงเบาๆ ส่วนอาการปกติของผมร่วงเป็นหย่อมวงกลม (Alopecia Areata) ก็คือเส้นผมจะร่วงอย่างรวดเร็ว ผมจะหายไปเป็นวงกลมหรือรูปไข่ รวมทั้งอาจมีอาการของเล็บมือและเล็บเท้าเปราะแตกและปลี่ยนสีเป็นแนวยาวได้']
"Hand, Foot and Mouth Disease",โรคมือเท้าปาก,8,"['อาการเริ่มต้นของโรคมือเท้าปากจะคล้ายไข้หวัด คือ มีตุ่มใส หรือแผลร้อนในเกิดขึ้นหลายแผลในปาก และมีอาการเจ็บ มีผื่นแดงหรือตุ่มใส ขนาดเล็กที่บริเวณฝ่ามือ นิ้วมือ ฝ่าเท้า หรือก้น และมีอาการไข้เป็นระยะเวลา 5-7 วัน', 'อย่างไรก็ตาม โรคมือเท้าปากอาจทำให้เกิดภาวะแทรกซ้อนที่รุนแรง เช่น เยื่อหุ้มสมองอักเสบ สมองอักเสบ อัมพาตกล้ามเนื้ออ่อนปวกเปียก หรือกล้ามเนื้อหัวใจอักเสบ ไปจนถึงเสียชีวิตได้ โดยอาการแทรกซ้อนไม่สัมพันธ์กับจำนวนแผลในปากหรือตุ่มที่พบตามฝ่ามือฝ่าเท้าในรายที่มีอาการแทรกซ้อนรุนแรงอาจมีแผลไม่กี่จุดในลำคอหรืออาจมีตุ่มเพียงไม่กี่ตุ่มตามฝ่ามือฝ่าเท้าก็ได้ ซึ่งคุณพ่อคุณแม่ควรดูแลลูกอย่างใกล้ชิดในช่วง 1-2 สัปดาห์แรก แม้จะดูว่าผื่นและแผลในปากหายไปแล้วก็ตามโดยสัญญาณเตือนของภาวะแทรกซ้อนรุนแรงที่คุณพ่อคุณแม่ควรพาลูกไปพบแพทย์ทันที เช่น', 'เด็กมีอาการซึมลง ไม่เล่น ไม่อยากรับประทานอาหารหรือนม', 'บ่นปวดศีรษะมาก ปวดทนไม่ไหว', 'มีอาการพูดเพ้อไม่รู้เรื่อง สลับกับการซึมลง หรือเห็นภาพแปลกๆ', 'ปวดต้นคอ คอแข็ง มีการรับรู้สับสน ซึมลง และอาเจียน', 'มีอาการสะดุ้งผวา ตัวสั่นๆ แขนหรือมือสั่นบ้าง', 'มีอาการไอ หายใจเร็ว ดูเหนื่อยๆ หน้าซีด มีเสมหะมาก โดยอาจมีหรือไม่มีไข้ร่วมด้วยก็ได้']"
Headaches and Migraines,ไมเกรน ปวดหัว ปวดศีรษะ - สมอง,5,"['สามารถแบ่งได้เป็น 4 ระยะ ได้ดังต่อไปนี้', 'ระยะก่อนมีอาการ (Prodrome) : 24 ชม. ก่อนปวดศีรษะ จะมีอาการอยากอาหาร อารมณ์เปลี่ยนแปลง ควบคุมการหาวไม่ได้ บวมน้ำหรือปัสสาวะบ่อย เป็นต้น', 'ระยะอาการนำ : 20 – 40 นาทีก่อนหรือระหว่างปวดศีรษะ จะเห็นแสงแฟลช แสงสว่างจ้า หรือเส้นเป็นซิกแซก และอาการอ่อนแรง เป็นต้น', 'ระยะปวดศีรษะ : กินเวลา 4 -24 ชม. อาการปวดหัวจะค่อยๆ เพิ่มความรุนแรงมากขึ้น', 'ระยะหลังมีอาการ : อาจจะมีอาการอยู่ได้เป็นวัน รู้สึกหมดแรง อ่อนแรง สับสน']"
Heart Valve Regurgitation,ลิ้นหัวใจรั่ว - โรคหัวใจ,6,"['ลิ้นหัวใจรั่วสามารถเกิดขึ้นได้ตั้งแต่ระดับเล็กน้อยจนถึงระดับรุนแรง ผู้ป่วยที่มีลิ้นหัวใจรั่วเล็กน้อยอาจไม่มีอาการ แต่เมื่อลิ้นหัวใจรั่วมากขึ้นอาจมีอาการต่างๆ ดังนี้', 'มีอาการเหนื่อยแม้เป็นการทำกิจกรรมทั่วไปในชีวิตประจำวัน', 'เจ็บหน้าอก ใจสั่น ขาบวม', 'หัวใจเต้นผิดจังหวะ', 'มีอาการวูบเป็นลมหมดสติ', 'มีอาการแน่นหน้าอกเหมือนน้ำท่วมปอด นอนราบไม่ได้']"
Heart Valve Stenosis,ลิ้นหัวใจตีบ,6,"['ลิ้นหัวใจตีบสามารถเกิดขึ้นได้ตั้งแต่ระดับเล็กน้อยจนถึงระดับรุนแรง ผู้ป่วยที่มีลิ้นหัวใจตีบเล็กน้อยอาจไม่มีอาการ แต่เมื่อลิ้นหัวใจตีบมากขึ้นอาจมีอาการต่างๆ ดังนี้', 'มีอาการเหนื่อยแม้เป็นการทำกิจกรรมทั่วไปในชีวิตประจำวัน', 'เจ็บหน้าอก ใจสั่น ขาบวม', 'หัวใจเต้นผิดจังหวะ', 'มีอาการวูบ เป็นลมหมดสติ', 'มีอาการแน่นหน้าอกเหมือนน้ำท่วมปอด นอนราบไม่ได้']"
Hemorrhoids,ริดสีดวงทวาร - ทางเดินอาหาร,5,"['มีเลือดสีแดงสดออกทางทวารหนักขณะถ่ายอุจจาระ', 'รู้สึกว่ามีก้อนออกทางทวารหนัก เนื่องจากเส้นเลือดที่บวมพองอาจเคลื่อนตัวออกมาจากรูทวารหนัก', 'อาจรู้สึกคันทวารหนัก', 'เจ็บปวด เนื่องจากเส้นเลือดที่อยู่รอบๆ ทวารหนัก เมื่อเกิดการจับตัวของลิ่มเลือดในเส้นเลือด ทำให้เส้นเลือดมีขนาดใหญ่ขึ้น (อาการเช่นนี้เรียกว่า thrombosed external hemorrhoids)', 'กรณีที่มีเลือดออกมานาน อาจมีอาการของการขาดเลือด โลหิตจาง หน้ามืด เวียนศีรษะ']"
Herniated Disc,โรคหมอนรองกระดูกเคลื่อนทับเส้นประสาท - กระดูกสันหลัง,3,"['อาการที่หลัง:ปวดหลังบริเวณเอวส่วนล่าง อาจมีอาการที่หลังเพียงข้างเดียวหรือทั้งสองข้าง มักมีอาการในท่านั่ง หรือมีการนั่งงอตัวไปทางด้านหน้าซึ่งเป็นท่าที่หมอนรองกระดูกได้รับแรงกดทับมากที่สุด', 'อาการที่ขา:อาการแสดงที่ขามีได้ 3 แบบ คือ อาการปวด ชา หรือการอ่อนแรงของกล้ามเนื้อ', 'อาการปวดหรือชาขาที่เกิดจากหมอนรองกระดูกทับเส้นประสาทมีลักษณะคือ มีอาการตามแนวที่เส้นประสาทวิ่งไป สามารถปวดได้ตั้งแต่บริเวณเอว ต้นขา น่อง ไปจนถึงบริเวณเท้าและนิ้วเท้าได้ การอ่อนแรงของกล้ามเนื้อก็มีลักษณะคล้ายอาการปวดและชา คือจะมีการอ่อนแรงของกล้ามเนื้อมัดที่เลี้ยงด้วยเส้นประสาทเส้นที่ถูกกดทับนั้น']"
Herpes Zoster in Older Adults,โรคงูสวัดในผู้สูงอายุ,1,['ผู้ป่วยจะมีอาการปวดแสบปวดร้อนบริเวณผิวหนัง ในบางรายแม้เพียงการสัมผัสเบาๆ หรือการสัมผัสของเสื้อผ้าก็อาจทำให้เกิดอาการปวดได้ หลังจากนั้นประมาณ 2-3 วันจะเริ่มมีผื่นแดงขึ้นและกลายเป็นตุ่มนูนคล้ายตุ่มอีสุกอีใส ต่างกันตรงที่ผื่นหรือตุ่มของโรคงูสวัดจะไม่กระจายทั่วตัว แต่จะเรียงเป็นกลุ่มหรือเป็นแถวยาวตามแนวของเส้นประสาท ต่อมาจะกลายเป็นตุ่มน้ำใส และแตกออกจนตกสะเก็ดในที่สุด ในผู้ป่วยบางรายอาจมีอาการไข้ร่วมด้วย']
Hip Impingement (Femoroacetabular Impingement) ,ข้อต่อสะโพกขัดหรือเสียดสี,1,['ปวดหรือตึงบริเวณสะโพก ขาหนีบ หรือต้นขา']
Hip Osteoarthritis,โรคข้อสะโพกเสื่อม - ข้อ,1,['ผู้ป่วยมีอาการปวดบริเวณสะโพก โดยเฉพาะบริเวณขาหนีบ อาการเจ็บปวดมักเกิดขึ้นเมื่อมีกิจกรรมต่างๆ เช่นการเดิน อาการเจ็บปวดอาจจะร้าวลงไปที่บริเวณหัวเข่าร่วมด้วย แต่มักจะไม่มีอาการชาหรือร้าวลงไปจนถึงปลายเท้า อาการ เริ่มต้นจากมีความรู้สึกติดขัดเมื่อมีการเคลื่อนไหวข้อสะโพก และเมื่อเวลาผ่านไปอาการปวดจะมากขึ้นเรื่อยๆ และไม่สามารถเดินได้ตามปกติ และการเคลื่อนไหวข้อสะโพกมักจะติดขัด']
Hypertension,ความดันโลหิตสูง,6,"['เจ็บหน้าอกรุนแรง', 'ใจสั่น', 'เหนื่อยง่ายผิดปกติ', 'ปวดศีรษะเฉียบพลัน อาจมีอาเจียนร่วม', 'แขนขาซีกหนึ่งซีกใดอ่อนแรง แม้จะเป็นเวลาอันสั้นและหายเอง', 'ตาข้างใดข้างหนึ่งมองไม่เห็นและอาจกลับเป็นปกติ']"
Hypogonadism (Low Testosterone),ภาวะฮอร์โมนเพศต่ำ อาการและการรักษา (Hypogonadism),6,"['อาการฮอร์โมนเพศชายต่ำอาจเกิดได้จากหลายสาเหตุ เช่น', 'การบาดเจ็บที่ลูกอัณฑะ (เช่น แผลบาดเจ็บ, การทำหมัน,การฉายรังสีหรือการทำเคมีบำบัด)', 'การติดเชื้อที่ลูกอัณฑะ', 'ความผิดปกติทางด้านฮอร์โมน (เช่น โรคหรือเนื้องอกที่ต่อมใต้สมอง, ฮอร์โมนโปรแลคติน (prolactin) อยู่ในระดับสูง)', 'โรคที่เกี่ยวกับระบบต่างๆ (เช่น โรคเอดส์ โรคตับและไตเรื้อรังไขมันสะสมในร่างกายมากเกินไป โรคเบาหวานชนิดที่ 2 และโรคอ้วนที่สัมพันธ์กับโรคเบาหวานชนิดนี้)', 'การรักษาโรคด้วยยาบางชนิด และโรคที่เกิดจากพันธุกรรม (เช่น Klinefelter syndrome, hemochromatosis, Kallmann syndrome, Prader-Willi syndrome และ Mytonic dystrophy) อาจเป็นสาเหตุของภาวะเทสโทสเตอโรนต่ำได้ ชายสูงอายุส่วนใหญ่จะมีระดับฮอร์โมนเทสโทสเตอโรนอยู่ในระดับต่ำ และหลายๆ คนในจำนวนนั้นก็ไม่อาจทราบได้ว่ามีสาเหตุจากอะไร']"
Hypotension,ความดันโลหิตต่ำ - หัวใจ,9,"['วิงเวียนศีรษะ หน้ามืด เป็นลม ทรงตัวไม่อยู่', 'มองเห็นภาพไม่ชัด', 'ใจสั่น ใจเต้นแรง', 'อาการมึนงง สับสน', 'คลื่นไส้', 'อ่อนเพลีย เหนื่อยง่าย', 'หายใจตื้นและถี่', 'กระหายน้ำ', 'ตัวเย็น ผิวซีด หนาวสั่น']"
Infertility (Male),ภาวะการมีบุตรยากในเพศชาย,1,['ภาวะการมีบุตรยากในเพศชายเกิดขึ้นเมื่อคู่ของผู้ชายไม่สามารถตั้งครรภ์ได้ภายในหนึ่งปีของการมีเพศสัมพันธ์โดยไม่คุมกำเนิด สัญญาณและอาการอื่นๆ จะขึ้นอยู่กับสาเหตุที่แท้จริงที่ทำให้เกิดภาวะการมีบุตรยาก']
Infertility (Male),ภาวะการมีบุตรยากในเพศชาย,14,"['การรักษาภาวะการมีบุตรยากของเพศชายจะมุ่งไปยังการรักษาที่สาเหตุของโรคนี้ ซึ่งโดยทั่วไปแล้วมีคู่สมรสประมาณ 15 – 20 % สามารถตั้งครรภ์ได้โดยไม่ต้องทำการรักษาใด การรักษาสำหรับภาวะการมีบุตรยากจากฝ่ายชายนั้น ได้แก่', 'หลีกเลี่ยงการอาบน้ำด้วยน้ำร้อนและการนอนแช่ในน้ำร้อนเป็นเวลานานๆ', 'รับประทานอาหารที่มีประโยชน์และออกกำลังกายในปริมาณที่พอเหมาะ', 'รักษาอาการเส้นเลือดขอดที่ลูกอัณฑะ', 'ผ่าตัดเพื่อยกเลิกการทำหมันแบบผูก โดยการเชื่อมต่อท่อนำเชื้ออสุจิอีกครั้ง', 'ศึกษาเกี่ยวกับช่วงเวลาที่ดีที่สุดสำหรับการตั้งครรภ์', 'ปรับเปลี่ยนวิถีการดำเนินชีวิต เช่น งดสูบบุหรี่ และดื่มแอลกอฮอล์ในปริมาณที่จำกัด', 'รักษาบำบัดเกี่ยวกับปัญหาด้านฮอร์โมน', 'รักษาอาการหย่อนสมรรถภาพทางเพศด้วยการปรึกษา การรักษาด้วยยา หรือการผ่าตัด', 'สวมใส่กางเกงในที่ไม่รัดแน่น เช่น กางเกงในประเภทบ็อกเซอร์', 'หากการรักษาดังกล่าวไม่ได้ผล อาจพิจารณานำวิธีการที่ช่วยเรื่องการมีบุตรมาให้บริการ เช่น', 'การผสมเทียมโดยการนำเชื้ออสุจิใส่ที่บริเวณปากมดลูกหรือมดลูกโดยตรง', 'การปฏิสนธินอกร่างกายโดยการนำตัวอ่อนและอสุจิมาผสมกันเป็นตัวอ่อนนอกร่างกาย แล้วนำกลับเข้าไปใส่ในโพรงมดลูกเพื่อให้ตั้งครรภ์', 'การฉีดอสุจิเข้าไปในเซลล์ไข่วิธีนี้เป็นการทำนอกร่างกายโดยการเจาะผนังเซลล์ไข่เพื่อนำอสุจิเข้าสู่ไข่โดยตรง']"
Inflammatory Bowel Disease (IBD),โรคลำไส้อักเสบเรื้อรัง (IBD),1,['อาการของโรค Ulcerative Colitis(UC) และโรคโครห์น (Crohn’s disease) มีลักษณะของอาการบางอย่างคล้ายกัน เช่น การถ่ายอุจจาระผิดปกติ ถ่ายบ่อย อุจจาระปนมูกเลือด ท้องเสียอย่างรุนแรง ปวดท้อง บางครั้งมีอาการอื่น ได้แก่ เหนื่อยล้า ไม่สบายตัว เบื่ออาหาร และมีไข้ร่วมด้วย ระดับความรุนแรงและอาการแสดงในระบบทางเดินอาหารของโรค IBD ขึ้นอยู่กับความรุนแรงของโรคที่มีการอักเสบ ตำแหน่งของทางเดินอาหารที่มีการอักเสบ ถึงอย่างไรก็ตามร้อยละ 25 ในกลุ่ม IBD อาจมีอาการที่เกิดจากการอักเสบของโรคที่นอกเหนือจากระบบทางเดินอาหาร เช่น การเกิดข้ออักเสบบริเวณกระดูกสันหลังหรือกระดูกเชิงกราน ทำให้เกิดอาการบวม ปวด และมีการเคลื่อนไหวร่างกายได้จำกัด มีลักษณะทางผิวหนังที่หยาบกร้าน แข็งกระด้าง โดยเฉพาะบริเวณแขนและขา ผิวพรรณมีสีม่วงอมแดง บริเวณปุ่มข้อศอก ตาตุ่ม นูนแข็ง หนาเป็นปื้น อาการผิดปกติที่บริเวณดวงตาโดยเฉพาะม่านตาและเยื่อตา มีอาการตับอักเสบร่วมด้วย']
Insomnia,นอนไม่หลับ,5,"['อาการนอนไม่หลับเกิดได้จากหลายปัจจัย ตั้งแต่ปัจจัยทางร่างกาย ปัจจัยทางจิตใจ ปัจจัยสิ่งแวดล้อมและอุปนิสัยการนอน (sleep hygiene)', 'ปัจจัยทางร่างกายเช่น อาการเจ็บปวด มีไข้ มีภาวะหยุดหายใจขณะหลับ (Sleep Apnea) โรคกรดไหลย้อนหรือบางคนมีระบบประสาทที่ตื่นตัวมากกว่าปกติ ทำให้หลับยาก', 'ปัจจัยทางจิตใจเช่น ความเครียด ความวิตกกังวล โรคซึมเศร้า โรคไบโพล่าร์', 'ปัจจัยทางสิ่งแวดล้อมเช่น มีเสียงรบกวน ห้องนอนสว่างเกินไป', 'อุปนิสัยการนอนที่ไม่ถูกสุขลักษณะโดยการทำกิจกรรมต่างๆที่ทำให้นอนไม่หลับ เช่น กินอาหารที่ย่อยยาก ออกกำลังกายใกล้เวลานอน การเล่นเกม การอ่านหนังสือ การดื่มเครื่องดื่มที่มีสารกระตุ้นคาเฟอีน']"
Insomnia,นอนไม่หลับ,1,['อาการนอนไม่หลับเกิดขึ้นได้กับคนทุกวัย ส่วนมากมักเกิดกับผู้สูงอายุ คนที่ทำงานไม่เป็นเวลา ถึงแม้อาการนอนไม่หลับไม่ทำให้เกิดผลเสียร้ายแรงต่อสุขภาพ แต่ทำให้ประสิทธิภาพในการทำงานของสมองและร่างกายลดลง จนอาจก่อให้เกิดอุบัติเหตุระหว่างขับขี่รถยนต์หรือทำงานกับเครื่องจักรได้']
Insomnia,นอนไม่หลับ,5,"['อาการนอนไม่หลับแบ่งได้หลายประเภท ดังนี้', 'ชั่วโมงนอนน้อยเกินไป', 'นอนหลับแล้วตื่นบ่อยๆ (interrupted sleep)', 'ใช้เวลานานกว่าจะหลับได้', 'นอนหลับตื้นทำให้ฝันมากหรือฝันร้ายบ่อยๆ']"
Intracerebral Hemorrhage (ICH),เลือดออกในสมอง - สมอง,1,['โดยส่วนใหญ่อาการของภาวะเลือดออกในสมองจะคล้ายกับอาการของโรคหลอดเลือดสมองขาดเลือดจากหลอดเลือดตีบหรืออุดตัน (ischemic stroke) ได้แก่ ชาหรืออ่อนแรงแขนขาครึ่งซีกของร่างกาย การพูดผิดปกติ เวียนศีรษะทันทีทันใด แต่อาการเด่นของภาวะเลือดออกในสมอง คือ อาการปวดศีรษะอย่างรุนแรงทันทีทันใด ซึ่งวินิจฉัยด้วยการตรวจสมองด้วยเครื่องเอกซเรย์คอมพิวเตอร์ (computed tomography scan หรือ CT scan) โดยจะช่วยในการวินิจฉัยแยกสมองขาดเลือดจากภาวะเลือดออกในสมองกับสมองขาดเลือดจากหลอดเลือดตีบหรืออุดตันได้']
Iron-Deficiency Anemia,โลหิตจางเนื่องจากขาดธาตุเหล็ก,3,"['อ่อนเพลีย หน้ามืด เวียนศีรษะ โดยเฉพาะเวลาลุกเร็วๆ', 'เหนื่อยง่าย', 'หน้าซีด']"
Irritable Bowel Syndrome (IBS),โรคลำไส้แปรปรวน,5,"['โรคลำไส้แปรปรวนมีอาการบ่งชี้ที่สำคัญ ได้แก่ อาการปวดท้องเรื้อรังเป็นๆ หายๆ นานเกิน 6 เดือนขึ้นไป ร่วมกับการขับถ่ายผิดปกติ ซึ่งสามารถแบ่งตามกลุ่มอาการได้ดังนี้', 'กลุ่มอาการท้องเสีย', 'กลุ่มอาการท้องผูก', 'กลุ่มอาการท้องเสียสลับท้องผูก', 'ทั้งนี้ ผู้ป่วยต้องไม่มีอาการอันตราย เช่น ถ่ายอุจจาระมีมูกหรือเลือดปน น้ำหนักลด ซีด อาเจียน อุจจาระมีขนาดเล็กลงเรื่อยๆ มีอาการปวดเบ่งถ่ายอุจจาระไม่สุด']"
Ischemic Stroke,ภาวะสมองขาดเลือด - สมอง,1,['ภาวะสมองขาดเลือดอาจไม่ได้ทำลายเซลล์เนื้อเยื่อทุกเซลล์ทันทีหลังเกิดการอุดตันที่เส้นเลือดในสมอง ดังนั้นถ้าได้รับการรักษาอย่างทันท่วงที ก็จะสามารถรักษาเซลล์ต่างๆ ให้ทำหน้าที่เหมือนเดิมได้ ยิ่งไปกว่านั้น หากสามารถรักษาและป้องกันปัจจัยเสี่ยงที่เป็นตัวกระตุ้นปัญหาเรื่องการไหลเวียนของเลือดเสียแต่เนิ่นๆ ภาวะสมองขาดเลือดก็สามารถป้องกันไม่ให้เกิดขึ้นได้']
Ischemic Stroke,ภาวะสมองขาดเลือด - สมอง,2,"['ถ้ามีสัญญาเตือนเกิดขึ้น ให้รีบปรึกษาแพทย์ทันที การตรวจและการรักษาที่รวดเร็วจะช่วยป้องการการทำลายสมองในขอบเขตที่กว้างขึ้นได้', 'หากมีอาการเส้นเลือดในสมองตีบเฉียบพลัน ไม่ว่าจะเกิดจากสาเหตุอะไรก็ตาม กรุณาติดต่อขอรับความช่วยเหลือทางการแพทย์อย่างเร่งด่วน ผู้ป่วยอาจต้องได้รับการรักษาด้วยยาละลายลิ่มเลือด (thrombolytic drugs) หรืออาจจำเป็นต้องได้รับการรักษาด้วยวิธีใช้สายสวนไปเอาก้อนเลือดที่อุดกั้นออกภายในเวลา 2-3 ชั่วโมงหลังการเกิดภาวะสมองขาดเลือด']"
Ischemic Stroke,ภาวะสมองขาดเลือด - สมอง,3,"['สำหรับผู้ป่วยที่มีภาวะสมองขาดเลือดไม่รุนแรง อาจเป็นภาวะที่เกิดขึ้นชั่วคราว มีอาการชามือหรือเท้า หรือเป็นอัมพาตชั่วคราว (Transient Ischemic Attacks) นั้น ผู้ป่วยหนึ่งในสามอาจมีการทำลายร่างกายอย่างถาวรได้ในอนาคตอันใกล้ และ 50% ของภาวะสมองขาดเลือดประเภทนี้อาจเกิดการทำลายร่างกายผู้ป่วยได้ในช่วงระหว่าง 1 ปีแรกหลังพบอาการ', 'อัตราการเสียชีวิต 15-30 % ของผู้ป่วยที่เป็นอัมพาต เกิดจากอาการที่เกิดตามมาคือ ภาวะเลือดออกในสมอง ภาวะเส้นเลือดตีบอย่างรุนแรง การติดเชื้อ และอื่นๆ', 'หลังจากได้รับการรักษาและมีอาการดีขึ้นแล้ว ผู้ป่วยควรได้รับการรักษาอย่างต่อเนื่องจากแพทย์ผู้เชี่ยวชาญ เพื่อป้องกันปัญหาที่อาจเกิดขึ้นอีกในอนาคต']"
Kidney Failure,ภาวะไตวาย - ไต,1,['เมื่อเกิดภาวะไตวาย ของเสียและน้ำจะคั่งค้างอยู่ในร่างกายของผู้ป่วยส่งผลให้เกิดอาการต่างๆ เช่น คลื่นไส้ อาเจียน อ่อนแรง เบื่ออาหาร นอนไม่หลับ ผิวแห้ง คัน กล้ามเนื้อเป็นตะคริวตอนกลางคืน ปัสสาวะลดลง ตัวบวม ตาบวม น้ำท่วมปอด หายใจไม่ถนัด นอนราบไม่ได้ ความดันโลหิตสูง มีภาวะซีด เลือดจาง และอาจถึงขั้นหมดสติและเสียชีวิตได้']
Knee Osteoarthritis,โรคข้อเข่าเสื่อม - ข้อ,2,"['อาการของข้อเข่าเสื่อมคือ อาการปวดขัดที่ข้อเข่า ในช่วงแรกๆ มักปวดบริเวณหลังหัวเข่าและด้านในของเข่า', 'อาการปวดจะสัมพันธ์กับการใช้งานข้อเข่า เช่น เวลาเดิน หรือออกกำลังกาย การเคลื่อนไหวของข้อเข่าเสื่อมจะลดลง หรือมีการติดขัดของข้อเข่า มุมของกระดูกหัวเข่ามักจะเอียง ทำให้เข่าโก่งทั้งออกไปด้านนอกและเข้ามาทางด้านใน แต่ก็มีผู้ป่วยบางส่วนที่มุมของเข่าเป็นปกติ นอกจากนี้การทำกิจวัตรประจำวัน เช่น การเดินขึ้นลงบันได หรือการลุกขึ้นจากการนั่งมักทำได้ยากลำบากกว่าปกติ สำหรับผู้ป่วยบางรายที่มีการอักเสบของข้อเข่า จะมีอาการบวมร้อนที่บริเวณเข่า และในรายที่มีการอักเสบมากๆ หรือมีอาการรุนแรงจะมีข้อเข่าบวมและมีน้ำในข้อเข่า']"
Labral tear of the hip,กระดูกอ่อนลาบรัมที่สะโพกฉีกขาด,1,['หลายคนไม่แสดงอาการใดๆ แต่คุณอาจรู้สึกเจ็บ ตึง หรือความรู้สึกว่าข้อต่อสะโพกถูกล็อกไว้ หรือถูกยึดไว้']
Labral tear of the shoulder,กระดูกอ่อนลาบรัมที่ไหล่ฉีกขาด,1,['มีอาการปวด ข้อไหล่เคลื่อนหรือกระทั่งไหล่หลุดก็ได้']
Leukemia,มะเร็งเม็ดเลือดขาว - มะเร็ง,5,"['เนื่องจากเซลล์เม็ดเลือดที่ผิดปกติไปรบกวนการสร้างเม็ดเลือดชนิดต่างๆ ทำให้เกิดอาการดังนี้', 'เม็ดเลือดแดงลดลง ผู้ป่วยอาจมีอาการจากภาวะโลหิตจาง เช่น เหนื่อยง่าย ใจสั่น วิงเวียนศีรษะ', 'เม็ดเลือดขาวลดลง ทำให้ติดเชื้อได้ง่ายขึ้น', 'เกล็ดเลือดลดลง ทำให้มีภาวะเลือดออกง่ายกว่าปกติ อาจพบจุดเลือดออกหรือจ้ำเลือดตามตัว รวมถึงภาวะเลือดหยุดยาก', 'นอกจากนี้ผู้ป่วยอาจมีอาการเบื่ออาหาร น้ำหนักลด คลำพบก้อนตามตัวหรือปวดกระดูกได้']"
Liver Cancer,มะเร็งตับ - ระบบทางเดินอาหารและตับ,9,"['มะเร็งตับในระยะแรก มักไม่แสดงอาการ แต่เมื่อเป็นมากขึ้นอาจมีอาการ ดังนี้', 'ปวดท้อง โดยเฉพาะบริเวณข้างขวาส่วนบน ในบางรายอาจมีอาการปวดร้าวไปที่หลังหรือไหล่', 'ท้องบวมขึ้น', 'น้ำหนักตัวลดลงโดยไม่ทราบสาเหตุ', 'เบื่ออาหาร ไม่รู้สึกอยากอาหาร', 'รู้สึกอ่อนเพลีย', 'มีไข้โดยไม่ทราบสาเหตุ', 'คลำพบก้อนที่บริเวณตับ', 'ตัวเหลืองและตาเหลือง']"
Lung Cancer,มะเร็งปอด - มะเร็ง,11,"['โดยทั่วไปแล้วมะเร็งปอดในระยะเริ่มต้นมักไม่แสดงอาการ แต่เมื่อโรคลุกลามแล้ว อาจพบอาการดังต่อไปนี้', 'ไอเรื้อรัง (ไอแห้งหรือไอมีเสมหะ)', 'มีปัญหาการหายใจ เช่น หายใจสั้น', 'หายใจมีเสียงหวีด', 'เจ็บบริเวณหน้าอกตลอดเวลา', 'ไอมีเลือดปน', 'เสียงแหบ', 'ติดเชื้อในปอดบ่อยๆ เช่น ปอดบวม', 'เหนื่อยง่ายหรือรู้สึกเหนื่อยตลอดเวลา', 'น้ำหนักลดโดยไม่ทราบสาเหตุ', 'อาการเหล่านี้อาจไม่เกี่ยวเนื่องกับมะเร็ง เนื่องจากมีหลายโรคที่อาจทำให้เกิดอาการเหล่านี้ได้ อย่างไรก็ดี ผู้ที่มีอาการดังกล่าวข้างต้นควรปรึกษาแพทย์เพื่อทำการวินิจฉัยและรักษาโดยเร็วที่สุด']"
Malunion,กระดูกหักติดผิดรูป - ออร์โธปิดิกส์,2,"['อาการแสดงที่พบบ่อยคือ บวม ปวดเวลาเคลื่อนไหว ใช้งาน หรือลงน้ำหนักแขนขาข้างนั้น ผู้ป่วยบางรายอาจมีอาการปวด และข้อติดหรือจำกัดการเคลื่อนไหวของข้อบริเวณใกล้เคียง เช่นกระดูกต้นขา (Femur) หักแต่ติดผิดรูป ทำให้มีอาการปวดเข่า และข้อเข่าติด', 'นอกจากนี้คนไข้ที่มีการสั่นของขาร่วมด้วยหากเป็นอยู่นานก็จะทำให้มีอาการปวดหลังส่วนล่างได้หากเราปล่อยให้สภาพกระดูกผิดรูปเป็นอยู่นานอาจทำให้เกิดอาการเสื่อม และอักเสบของข้อข้างเคียง จนในที่สุดไม่สามารถใช้งานแขนหรือขาข้างนั้นได้']"
Melasma,ฝ้า - ผิวหนัง,1,['รอยดำหรือรอยคล้ำที่มีลักษณะเป็นปื้น มักพบบริเวณโหนกแก้ม จมูก ริมฝีปาก และหน้าผาก รอยคล้ำนี้จะค่อยๆ เข้มขึ้นตามระยะเวลา ฝ้ามักจะพบได้บ่อยในสตรีก่อนวัยหมดประจำเดือน เนื่องจากระดับของฮอร์โมนมีการเปลี่ยนแปลง']
Meniere’s Disease,โรคน้ำในหูไม่เท่ากัน/โรคน้ำในหูชั้นในผิดปกติ,4,"['อาการหลัก ได้แก่ อาการเวียนศีรษะ ซึ่งมักจะเป็นอาการเวียนศีรษะรุนแรงและมีความรู้สึกหมุนร่วมด้วย บางครั้งผู้ป่วยอาจมีอาการคลื่นไส้อาเจียนร่วมกับการสูญเสียสมดุลของร่างกาย ซึ่งอาจทำให้เซหรือล้มได้ง่าย ทั้งนี้ผู้ป่วยอาจมีอาการเวียนศีรษะนานเป็นนาทีจนถึงหลายชั่วโมงเลยก็ได้ ในระหว่างที่เกิดอาการ ผู้ป่วยจึงควรอยู่นิ่งๆ ไม่ขยับศีรษะ เพราะอาจทำให้มีอาการเวียนศีรษะเพิ่มขึ้น', 'อาการอื่นๆ ที่อาจพบร่วมด้วย ได้แก่', 'การได้ยินลดลง มักพบในช่วงระยะแรกของโรค มักเป็นชั่วคราวโดยที่การได้ยินจะลดลงในช่วงเกิดอาการเวียนศีรษะ เมื่อร่างกายกลับสู่ภาวะปกติการได้ยินจะดีขึ้น แต่หากปล่อยให้โรคดำเนินไปมากขึ้น การได้ยินอาจเสื่อมลงเรื่อยๆ จนกระทั่งหูตึงหรือหูหนวกได้ในที่สุด', 'อาการเสียงรบกวนในหูและอาการหูอื้อ อาจเป็นๆ หายๆ ได้ในช่วงระยะแรกของโรค บ่อยครั้งอาจพบว่าเสียงรบกวนในหูจะดังมากขึ้นหรือผู้ป่วยมีอาการหูอื้อมากขึ้นเมื่อจะเกิดอาการเวียนศีรษะ แต่ในระยะหลังๆ ของโรค อาการนี้อาจเป็นอยู่ตลอดไป']"
Meniscus tear,หมอนรองข้อเข่าฉีกขาด,1,['คุณอาจมีอาการปวด บวม ตึง และความรู้สึกว่าเข่าล็อกขยับไม่ได้หรือเข่าทรุดตัว ส่วนมากมีอาการเจ็บปวดขณะเดินลงน้ำหนัก อาการอาจจะเป็นมากน้อยแตกต่างกันไปทั้งนี้ขึ้นอยู่กับความรุนแรงของการฉีกขาด']
Menopause,ภาวะวัยหมดประจำเดือน  - โรคและปัญหาสุขภาพในผู้หญิง ศูนย์สูตินรีเวช,8,"['ประจำเดือนมาห่างออกและไม่สม่ำเสมอทุกรอบเดือน', 'ร้อนวูบวาบโดยเฉพาะส่วนบนของร่างกาย เหนื่อยง่าย ใจสั่น หรือมีเหงื่อออกตอนกลางคืน บางครั้งมีอาการหนาวสั่นโดยไม่มีสาเหตุ', 'มีความเปลี่ยนแปลงด้านอารมณ์เร็ว รู้สึกวิตกกังวล หดหู่ใจ ความอดทนอดกลั้นต่อสิ่งกดดันในชีวิตประจำวันลดลง ไม่มีสมาธิ มีอาการหลงลืม', 'นอนหลับยาก แต่ตื่นเช้า', 'ผิวหนังร่างกายแห้งและบางลง บางครั้งมีอาการคัน เกิดผื่นแพ้ง่าย เส้นผมหยาบแห้ง หลุดร่วงง่าย ไม่ดกดำเป็นเงางาม', 'รู้สึกช่องคลอดแห้งและรู้สึกเจ็บเมื่อมีเพศสัมพันธ์ ความต้องการทางเพศลดลง', 'ปัสสาวะบ่อย กลั้นปัสสาวะไม่ค่อยได้ หรือมีปัสสาวะเล็ดราด', 'ปวดศีรษะ ปวดตามข้อ อ่อนเพลีย']"
Menstrual cramps (dysmenorrhea),อาการปวดประจำเดือน,5,"['ปวดท้องน้อยช่วงล่าง ปวดหน่วงๆ จนกระทั่งอาจมีอาการปวดบีบรัดอย่างรุนแรงถึงขั้นเป็นลมได้', 'คลื่นไส้', 'อาเจียน', 'ท้องเสีย', 'ปวดหรือมึนศีรษะ ปวดหลัง']"
Menstrual cramps (dysmenorrhea),อาการปวดประจำเดือน,8,"['หากมีอาการปวดประจำเดือน ผู้ป่วยสามารถดูแลรักษาตัวเองได้โดย', 'ใช้กระเป๋าน้ำร้อนประคบท้องน้อยและหลัง', 'อาบน้ำอุ่น', 'ใช้เทคนิคการผ่อนคลาย เช่น โยคะหรือนั่งสมาธิ', 'รับประทานยาต้านการอักเสบชนิดไม่ใช่สเตียรอยด์ (non-steroidal anti-inflammatory drugs: NSAIDs) ควรรับประทานเมื่อเริ่มมีอาการปวดหรือก่อนมีอาการปวด การรับประทานยาแก้ปวดอาจมีผลข้างเคียง ดังนั้นควรใช้เมื่อมีอาการปวดอย่างรุนแรงเท่านั้น', 'พักผ่อนให้เพียงพอ', 'ออกกำลังกายอย่างสม่ำเสมอ', 'รับประทานผักและผลไม้ ลดปริมาณอาหารที่มีไขมัน เกลือ เครื่องดื่มผสมคาเฟอีน เครื่องดื่มแอลกอฮอล์และขนมหวาน']"
Mid back pain (with leg symptoms),ปวดหลังร้าวลงขา - กระดูกสันหลัง,8,"['การหดเกร็งของกล้ามเนื้อและ/หรือมีการใช้งานกล้ามเนื้อมากเกินไป', 'ความเสื่อมของกระดูกสันหลังช่วงอก', 'หมอนรองกระดูกสันหลังบริเวณช่วงอกเคลื่อนทับเส้นประสาท', 'กระดูกสันหลังบริเวณช่วงอกตีบแคบทับไขสันหลัง', 'อุบัติเหตุ', 'เนื้องอก', 'การติดเชื้อ', 'กระดูกสันหลังคดงอ']"
Mid back pain (with leg symptoms),ปวดหลังร้าวลงขา - กระดูกสันหลัง,12,"['แพทย์จะทำการตรวจร่างกายทางระบบประสาทอย่างละเอียด และอาจให้ผู้ป่วยเข้ารับการเอกซเรย์ และ/หรือตรวจวินิจฉัยโรคด้วยคลื่นแม่เหล็กไฟฟ้า (MRI) รวมถึงวัดการนำกระแสไฟฟ้าของเส้นประสาท เพื่อใช้ประกอบการพิจารณาแนวทางการรักษาที่เหมาะสมสำหรับผู้ป่วย โดยแนวทางการรักษาประกอบด้วย', 'การออกกำลังกายด้วยการยืดเหยียดกล้ามเนื้อ', 'การเพิ่มความแข็งแรงของกล้ามเนื้อช่วงอก', 'การฉีดยาเข้าโพรงกระดูกสันหลัง ', 'การผ่าตัดกระดูกสันหลังบริเวณช่วงอก', 'การผ่าตัดเข้าทางด้านหลัง', 'การผ่าตัดกระดูกสันหลังแบบลามิเนกโตมี ', 'การผ่าตัดกระดูกสันหลังแบบลามิเนกโตมีและการเชื่อมข้อกระดูกสันหลังโดยใช้เครื่องคอมพิวเตอร์นำวิถี ', 'การผ่าตัดหมอนรองกระดูกสันหลังด้วยกล้องจุลทรรศน์ ', 'การผ่าตัดเข้าทางด้านหน้า', 'การผ่าตัดช่วงทรวงอกโดยใช้กล้องส่องช่วยผ่าตัด (การผ่าตัดแบบแผลเล็ก)', 'การผ่าตัดเชื่อมกระดูกผ่านทรวงอก']"
Miscarriage,การแท้งบุตร - สตรี,3,"['มีเลือดออกจากช่องคลอดกะปริบกะปรอยจนถึงเลือดออกปริมาณมาก', 'ปวดท้อง', 'มีชิ้นเนื้อออกมาจากช่องคลอด']"
Moles ,ไฝ - ผิวหนัง,1,['คนส่วนใหญ่มักมีไฝบนผิวหนังอยู่แล้วตั้งแต่แรกเกิด แต่ก็มีหลายคนที่อาจมีไฝเกิดขึ้นในภายหลัง ไฝธรรมดาที่เกิดขึ้นที่ใดก็ได้บนผิวหนังนั้นมักมีสีเพียงสีเดียว เช่น น้ำตาลเข้ม น้ำตาลเหลือง หรือสีสด โดยอาจมีลักษณะกลมหรือรี และเป็นได้ทั้งแบบแบนหรือนูนขึ้นมา ไฝอาจมีพื้นผิวเรียบหรือขรุขระ หรืออาจเปลี่ยนสีเมื่อเวลาผ่านไปก็ได้']
Nail Fungus,เชื้อราที่เล็บ - ผิวหนัง,1,['เล็บหนาขึ้น แตกแห้ง สีซีดจาง รู้สึกเจ็บที่นิ้วมือหรือนิ้วเท้าแม้จะทำกิจกรรมทั่วๆ ไปที่เคยทำ']
Narrow or Occludable Angle,ภาวะมุมตาแคบ - ตา,1,['หากไม่มีความดันลูกตาสูงเฉียบพลันก็มักไม่มีอาการแสดงใดๆ จะตรวจพบเมื่อผู้ป่วยพบจักษุแพทย์']
Neck pain,ปวดคอ - กระดูกสันหลัง,1,['ปวดตึงหรือตื้อบริเวณคอ อาจร้าวมาที่บ่า สะบักหรือแขน ในบางรายอาจมีอาการอ่อนแรงร่วมกับ อาการชา เคลื่อนไหวคอได้น้อยลง']
Norovirus Infection,การติดเชื้อท้องเสียโนโรไวรัส (Norovirus),11,"['ส่วนใหญ่มักทำให้มีอาการอาเจียน ปวดท้องและท้องเสีย ภายใน 12-48 ชั่วโมงหลังทานอาหารหรือน้ำที่มีการปนเปื้อนเชื้อนี้ หรือแม้แต่การสัมผัสกับสิ่งคัดหลั่งจากผู้ป่วยรายอื่นๆก็สามารถติดได้ และอาการท้องเสียมักจะดีขึ้นภายใน 24-72 ชั่วโมง หลังจากเริ่มมีอาการป่วย', 'อาการที่พบบ่อย คือ', 'คลื่นไส้ อาเจียน', 'ถ่ายเหลวเป็นน้ำ', 'ปวดท้อง', 'อาการที่อาจจะพบได้ คือ', 'ปวดศีรษะ', 'มีไข้', 'ปวดเมื่อยตัว', 'แม้ว่าอาการคลื่นไส้อาเจียนจะดูรุนแรงพอสมควร แต่การตรวจร่างกายมักจะไม่มีอาการปวดเฉพาะที่หรือปวดเกร็งของหน้าท้อง ทำให้แยกการวินิจฉัยแยกโรคจากสาเหตุอื่นๆ ที่มีอาการและอาการแสดงที่คล้ายกันได้ยาก เช่น ภาวะลำไส้กลืนกัน ไส้ติ่งอักเสบ การติดเชื้ออาหารเป็นพิษด้วยเชื้ออื่นๆ', 'สำหรับรายที่มีอาการอาเจียนและถ่ายเป็นน้ำจำนวนมาก อาจทำให้ผู้ป่วยมีอาการขาดน้ำ เช่น มีไข้ อ่อนเพลียมาก มีชีพจรเบาเร็ว และมีความดันโลหิตต่ำได้']"
Ocular Hypertension (OHT),ความดันลูกตาสูง - ตา,1,['ผู้ป่วยอาจไม่มีอาการแสดงใดๆ แต่เมื่อวัดความดันตาพบว่าความดันตาสูงกว่า 21 มิลลิเมตรปรอท']
Office syndrome,ออฟฟิตซินโดรม,7,"['อาการของโรคออฟฟิศ ซินโดรม', 'อาการปวดหัวและไมเกรน', 'อาการปวดที่ไหล่ คอ หลังและหัวเข่า', 'นิ้ว แขนหรือเท้าชา', 'อาการปวดตึงสะโพก ปวดท้องมวน', 'นอนไม่หลับ', 'ตาแห้ง']"
Osteoarthritis,โรคข้อเสื่อม - ข้อกระดูกอ่อนเสื่อม,11,"['อาการของโรคเสื่อมมักเกิดขึ้นหลังการใช้ข้อมากๆ หรือเกิดขึ้นหลังจากที่ข้ออยู่นิ่งๆ เป็นระยะเวลานาน การเคลื่อนไหวข้อจะลำบากมากขึ้นเนื่องจากฝืดหรือเจ็บ เมื่อเป็นมากขึ้นข้อที่ไม่ได้เคลื่อนไหวนานๆ จะทำให้กล้ามเนื้อรอบๆ ข้อมีความอ่อนแรงและไม่สามารถที่จะช่วยรับน้ำหนักได้ดีในขณะเคลื่อนไหวข้อ ซึ่งนำไปสู่อาการปวดข้อมากขึ้นได้', 'ข้อเสื่อมบริเวณข้อสะโพก', 'ผู้ป่วยจะมีอาการปวดบริเวณขาหนีบ หรือต้นขาด้านใน หรือบริเวณด้านนอกของสะโพก ในขณะยืนหรือเดิน ผู้ป่วยบางคนอาจมีอาการปวดร้าวลงมาถึงบริเวณเข่า อาการปวดจะทำให้ผู้ป่วยมีอาการเดินกะเผลกได้', 'ข้อเสื่อมบริเวณเข่า', 'ผู้ป่วยจะมีอาการปวดบริเวณเข่าหรือลูกสะบ้าขณะยืน เดิน หรือขึ้น-ลงบันได ผู้ป่วยอาจได้ยินหรือคลำได้เสียงในขณะเดินหรือเคลื่อนไหวเข่า ถ้าอาการเจ็บปวดทำให้การเคลื่อนไหวน้อยลง กล้ามเนื้อที่อยู่รอบๆ ข้อโดยเฉพาะกล้ามเนื้อ quadricep ที่อยู่ที่ต้นขาอาจลีบลงได้', 'ข้อเสื่อมบริเวณนิ้วมือ', 'การเสื่อมของกระดูกอ่อนที่นิ้วมือทำให้เกิดอาการเจ็บ บวมของนิ้วมือ osteophyte หรือ spur ที่บริเวณนิ้วมือ ถ้าเกิดที่ข้อปลายนิ้วมือทำให้ข้อที่บริเวณนี้ปูดเป็นตุ่มขึ้นมา เรียกว่า Heberden’s nodes ถ้าเกิดขึ้นที่บริเวณข้อกลางนิ้ว เรียกว่า Bouchard’s nodes ซึ่ง Heberden’s nodes พบบ่อยในผู้หญิงและอาจพบได้ตั้งแต่อายุ 40 ปี ในบางครั้ง Heberden’s nodes หรือ Bouchard’s nodes อาจบวมแดงเกิดการอักเสบได้ โดยทั่วไปแล้วถึงแม้ว่า Heberden’s nodes และ Bouchard’s nodes จะทำให้นิ้วมือดูไม่สวย การทำงานของข้อนิ้วมือโดยทั่วไปมักยังคงเป็นปกติอยู่', 'ข้อเสื่อมบริเวณนิ้วเท้า', 'พบบ่อยที่บริเวณนิ้วหัวแม่เท้า ทำให้มีอาการปวดและเจ็บ อาการจะแย่ลงได้ถ้าใส่รองเท้าคับหรือส้นสูง', 'ข้อกระดูกอ่อนเสื่อมบริเวณกระดูกสันหลัง', 'ข้อกระดูกอ่อนเสื่อมบริเวณกระดูกสันหลังทำให้เกิดอาการฝืดแข็งและเจ็บปวดข้อบริเวณคอ ซึ่งอาจร้าวมายังบริเวณไหล่หรือแขนได้ ถ้าเป็นที่บริเวณหลังจะทำให้มีอาการฝืดแข็งหรือปวดบริเวณหลังซึ่งอาจร้าวลงมาสู่สะโพกและขาได้ ถ้าเป็นมากๆ osteophytes หรือเนื้อกระดูกอ่อนอาจกดทับเส้นประสาททำให้มีอาการชาหรืออ่อนแรงของนิ้วมือ แขน หรือขาได้']"
Osteoporosis and Brittle Bones,กระดูกเปราะ,4,"['อาการบาดเจ็บที่พบได้บ่อยจากภาวะกระดูกพรุนและกระดูกเปราะ คือ', 'กระดูกข้อมือหัก', 'สะโพกหัก', 'กระดูกสันหลังหัก']"
Otitis media,หูชั้นกลางอักเสบ - หู,3,"['เจ็บหู (สำหรับเด็กเล็กอาจสังเกตได้จากอาการเกาหูหรือจับในหูบ่อยๆ) มีไข้ กระสับกระส่าย รับประทานอาหารได้น้อยลง นอนไม่หลับ', 'สูญเสียการได้ยิน เนื่องจากมีการอักเสบของหูชั้นกลางหรือมีเยื่อแก้วหูทะลุ', 'มีของเหลวไหลออกจากหู']"
Ovarian Tumor,ก้อนที่รังไข่หรือเนื้องอกรังไข่,4,"['ไม่มีอาการ', 'คลำก้อนได้หรือท้องโตขึ้น', 'ปวดท้อง อาจร่วมกับมีไข้', 'ถ่ายอุจจาระลำบาก ท้องอืด']"
Pancreatitis,โรคตับอ่อนอักเสบ - ระบบทางเดินอาหาร,3,"['หากมีอาการปวดท้องอย่างรุนแรงและเกิดขึ้นทันทีทันใด ควรรีบไปพบแพทย์ทันที ซึ่งแพทย์จะทำการซักประวัติ ตรวจร่างกาย รวมทั้งเจาะเลือดเพื่อดูเอนไซม์ amylase และ lipase ในบางรายแพทย์อาจแนะนำให้ทำอัลซาวนด์เพื่อให้แน่ใจว่าอาจเป็นโรคอื่นที่ทำให้มีอาการได้ เช่น นิ่วในถุงน้ำดี หากจำเป็นแพทย์อาจแนะนำ', 'ให้ทำเอกซเรย์หรือทำซีทีสแกน ในรายที่พบว่าเป็นนิ่วในถุงน้ำดีแพทย์อาจแนะนำให้ทำการรักษาการอุดตันของท่อน้ำดีด้วยวิธีการส่องกล้อง (endoscopic retrograde cholangiopancreatography: ERCP) เพื่อดึงนิ่วออก', 'สำหรับผู้ป่วยตับอ่อนอักเสบที่มีอายุน้อยกว่า 35 ปี ควรเข้ารับการตรวจประเมินทางพันธุกรรม เนื่องจากในบางรายอาการตับอ่อนอักเสบอาจเกิดมาจากยีนบางตัว เช่น PRSS CFTR และ SPINK1 ซึ่งปัจจัยนี้สามารถเกิดได้ถึง 25%']"
Patellar dislocation and instability,ลูกสะบ้าข้อเข่าเคลื่อนหลุด,1,['มีอาการปวดเข่า ขณะเดิน อาการเกร็ง บวม และ/หรือมีเสียงกรอบแกรบขณะเคลื่อนไหว']
Patellofemoral pain syndrome,กลุ่มอาการบาดเจ็บลูกสะบ้าใต้เข่า,1,['ลักษณะเด่นของกลุ่มอาการบาดเจ็บลูกสะบ้าใต้เข่ามักจะเป็นอาการปวดด้านหน้าข้อเข่า ซึ่งมีผลกระทบต่อบริเวณกระดูกต้นขาด้านล่าง (femur) ที่กระดูกสะบ้า (patella) เลื่อนผ่านร่อง กิจกรรมที่มีการงอเข่ามาก เช่นการนั่งยองๆ นั่งพับเพียบ รวมถึงการเดินขึ้นลงบันได พบว่าเป็นกิจกรรมที่ทำให้มีอาการมากขึ้น']
Patellofemoral pain syndrome,กลุ่มอาการบาดเจ็บลูกสะบ้าใต้เข่า,1,['การตรวจร่างกายถือเป็นส่วนที่สำคัญที่ใช้วินิจฉัย แพทย์จะประเมินดูทั้งแนวเข่า (alignment) ตั้งแต่ข้อสะโพกถึงข้อเท้า เพื่อช่วยหาสาเหตุ การตรวจทางรังสีแม่เหล็ก MRI อาจจะไม่ใช่เครื่องมือที่สำคัญในการหาสาเหตุ แต่สามารถช่วยในการวินิจฉัยแยกโรคที่เกิดการบาดเจ็บอย่างอื่นได้']
Patellofemoral pain syndrome,กลุ่มอาการบาดเจ็บลูกสะบ้าใต้เข่า,1,['การรักษาแบบดั้งเดิมจะเป็นเรื่องของการพักใช้งานให้น้อยลง การใช้ยาต้านการอักเสบ การใช้อุปกรณ์พยุงเข่า ความเข้าใจเกี่ยวกับตัวโรคและการทำกายภาพบำบัดที่ถูกวิธี น่าจะเป็นคำตอบที่ถูกต้องของการรักษาโรคนี้ หากอาการไม่ดีขึ้น อาจจำเป็นต้องรักษาด้วยการผ่าตัด']
Pelvic Organ Prolapse,ภาวะมดลูกหย่อน - ภาวะการหย่อนตัวของอวัยวะในอุ้งเชิงกราน,8,"['รู้สึกอึดอัดเหมือนถูกกดทับบริเวณอวัยวะเพศ', 'รู้สึกหน่วงๆ เหมือนถูกดึงบริเวณเชิงกราน', 'รู้สึกปวดบริเวณช่องคลอด หลังส่วนล่าง หรือหน้าท้องส่วนล่าง', 'มีตกขาว (โดยเฉพาะในสตรีก่อนวัยหมดประจำเดือน)', 'ปัสสาวะเล็ดราด ปัสสาวะไหลช้า ปัสสาวะไม่สุด ปัสสาวะบ่อย', 'เกิดการติดเชื้อในทางเดินปัสสาวะบ่อยๆ', 'มีก้อนเนื้อโผล่มาตุงที่ปากช่องคลอดหรือหลุดออกมานอกช่องคลอด ทำให้มีอาการเจ็บ แสบ มีแผล', 'รู้สึกอึดอัดระหว่างการร่วมเพศ']"
Peptic Ulcer Disease ,โรคแผลในกระเพาะอาหาร,2,"['อาการสำคัญที่พบได้บ่อยคือ อาการปวดแสบปวดร้อนในกระเพาะอาหาร ซึ่งเป็นตำแหน่งระหว่างหน้าอกและสะดือ ซึ่งอาจปวดได้เมื่อท้องว่าง ระหว่างมื้ออาหาร หรือเวลาใดก็ได้ ในบางครั้งอาจมีอาการปวดจนต้องตื่นขึ้นมากลางดึก โดยอาการปวดอาจสั้นหรือยาวก็ได้ อาจมีอาการเพียงไม่กี่นาทีจนถึงเป็นชั่วโมง', 'อาการอื่นๆ ที่อาจพบได้ เช่น คลื่นไส้ อาเจียน อุจจาระมีเลือดปน หรือเบื่ออาหาร ทั้งนี้อาการเลือดออกอาจเป็นอาการเริ่มแรก หรือเป็นอาการเพียงอย่างเดียวของโรคนี้ก็ได้ หากมีเลือดออกและปล่อยให้ออกต่อไปโดยไม่ทำการรักษา ผู้ป่วยอาจมีภาวะซีดและอ่อนเพลียได้']"
Pericarditis,เยื่อหุ้มหัวใจอักเสบ - โรคหัวใจ,3,"['เจ็บหน้าอก มีลักษณะเจ็บแปลบหรือแน่นรุนแรงบริเวณกลางหน้าอกหรือด้านซ้าย ร้าวไปคอ แขนหัวไหล่ หรือบริเวณสะบักข้างซ้าย อาการมากขึ้นเมื่อหายใจเข้าหรือไอหรืออยู่ท่านอน ทุเลาลงเมื่อนั่งโน้มตัวมาข้างหน้า', 'มีไข้ อ่อนแรง หายใจลำบากหรือหายใจเร็ว ไอ ใจสั่น', 'กรณีที่เป็นการอักเสบเรื้อรังอาจไม่มีอาการเจ็บหน้าอก ในขั้นรุนแรงอาจมีอาการท้องบวม ขาบวม และภาวะความดันโลหิตต่ำ']"
Pharyngitis,โรคติดเชื้อในคอ - เจ็บคอ - คอ,3,"['อาการของโรคติดเชื้อในคอจะขึ้นอยู่กับเชื้อที่ได้รับ คือ', 'อาการเจ็บคอจากเชื้อไวรัส ผู้ป่วยจะมีอาการเจ็บคอโดยเฉพาะเวลากลืน คอแดงเล็กน้อย ไม่มีจุดขาวที่ทอนซิล มีเสมหะ น้ำมูกใสไม่มีสีเขียว-เหลือง ส่วนใหญ่ผู้ป่วยมักมีอาการหวัดมาก่อนแล้วจึงเจ็บคอภายหลัง', 'อาการเจ็บคอจากเชื้อแบคทีเรีย มักเกิดกับผู้ที่มีอาการเจ็บคอต่อเนื่องหลายวัน คอแดงจัด มีจุดขาวที่ทอนซิล มีไข้ มีเสมหะหรือน้ำมูกสีเขียว-เหลือง กลืนลำบาก เสียงพูดเปลี่ยนไป']"
Phobias,โรคกลัว (phobia) - สุขภาพจิต,1,['ผู้ป่วยจะมีอาการผิดปกติเมื่อพบกับสิ่งที่กลัว เช่น กล้ามเนื้อตึงตัว ปวดศีรษะ ใจสั่น หายใจไม่ทัน รู้สึกซ่าวูบขึ้นมาทั้งตัว มือสั่น ปากสั่น บางรายอาจรู้สึกวิงเวียนและหมดสติได้']
Pinguecula and Pterygium,โรคต้อลม ต้อเนื้อ - ตา,3,"['ผู้ป่วยโรคต้อลมและต้อเนื้อที่ยังเป็นไม่มาก มักไม่มีอาการใดๆ เพียงแต่จะเห็นเป็นเนื้อเยื่อผิดปกติบริเวณเยื่อบุตาขาวเท่านั้น แต่หากมีการอักเสบ ผู้ป่วยจะรู้สึกเจ็บตา เคืองตา คันตา ตาแดง แสบตา น้ำตาไหล รู้สึกเหมือนมีเศษผงอยู่ในตา', 'ในกรณีของต้อเนื้อที่เป็นมากจนลุกลามเข้าไปกลางกระจกตาและบดบังการมองเห็น ผู้ป่วยจะมีอาการตามัว และอาจเกิดสายตาเอียงได้เนื่องจากต้อเนื้อดึงกระจกตาทำให้ความโค้งของกระจกตาเปลี่ยนไป', 'โรคต้อลมและต้อเนื้อสามารถเกิดกับดวงตาเพียงข้างเดียวหรือทั้งสองข้างก็ได้ และเกิดได้กับคนทุกเพศทุกวัย']"
Plantar Fasciitis,โรคพังผืดใต้ฝ่าเท้าอักเสบ (โรครองช้ำ) - กระดูก,1,['ผู้ที่เป็นโรคพังผืดใต้ฝ่าเท้าอักเสบจะมีอาการเจ็บที่ส้นเท้าและลามไปทั่วฝ่าเท้า ในบางครั้งอาจลามไปที่อุ้งเท้าด้วย ลักษณะอาการเจ็บจะเป็นแบบปวดจี๊ดและปวดแสบ โดยความเจ็บปวดจะเกิดขึ้นทีละน้อย อาการปวดจะรุนแรงที่สุดเมื่อเริ่มมีการลงน้ำหนักที่ส้นเท้าในก้าวแรก เช่น เมื่อลุกเดินก้าวแรกหลังตื่นนอน หรือหลังจากนั่งพักเป็นเวลานาน ทั้งนี้อาการปวดอาจมากขึ้นได้ในช่วงระหว่างวันและ/หรือหลังจากที่เท้าต้องรับน้ำหนักเป็นเวลานาน เช่น ยืนหรือเดินเป็นเวลานาน และยิ่งมีการเคลื่อนไหวมากก็จะรู้สึกปวดมากขึ้น']
Ptosis,หนังตาตกแต่กำเนิด - ตา,4,"['เด็กจะมีหนังตาตก 1 ข้างหรือ 2 ข้าง ตั้งแต่กำเนิด มักเป็นตลอดเวลาและคงที่', 'อาจมีภาวะคอเอียง แหงนคอ เลิกคิ้วขึ้นเพื่อใช้ตาข้างนั้น', 'อาจมีการมองเห็นที่ลดลงในตาข้างนั้นจากการบดบังตา มีสายตาเอียงหรือสายตาขี้เกียจ', 'อาจมีความผิดปกติอื่นที่พบร่วมกับหนังตาตกและบ่งชี้ถึงสาเหตุเฉพาะของหนังตา เช่น ตาเขในเส้นประสาทสมองคู่ที่ 3 รูม่านตาผิดปกติ สีม่านตาผิดปกติ มีร่องรอยจากอุบัติเหตุบริเวณตาอื่นๆ']"
Retinal Detachment,โรคจอตาหลุดลอก - ตา,1,['ระยะแรกอาจมองเห็นคล้ายแสงฟ้าแลบเหมือนกับมีม่านหรือวัตถุทึบแสงสิ่งใดสิ่งหนึ่งเข้ามาบังสายตาทางด้านบนหรือด้านล่างตามแต่ตำแหน่งที่เกิดการหลุดลอก และจะมากขึ้นเรื่อยๆ จนกระทั่งถ้าเกิดหลุดลอกหมดก็จะสูญเสียการมองเห็นอย่างมากได้']
Rheumatoid arthritis,โรคข้ออักเสบรูมาตอยด์ - กระดูก,2,"['ผู้ป่วยจะมีอาการปวดข้อโดยเฉพาะข้อเล็กๆ เช่น ข้อนิ้วมือ ข้อนิ้วเท้า ส่วนข้อใหญ่ๆ เช่น ข้อเข่า ข้อสะโพกพบได้น้อยกว่า ซึ่งการปวดนี้จะแตกต่างจากการปวดจากการใช้งานที่มักปวดเมื่อมีการใช้ข้อมากกว่าปกติ แต่การปวดจากข้ออักเสบมักจะปวดในขณะไม่ได้ใช้งานข้อ เช่น ปวดกลางดึก ปวดตอนเช้าหลังจากตื่นนอน หรือขณะพักผ่อน โดยปวดเป็นเวลานานแม้รับประทานยาแก้ปวดแล้วอาการดีขึ้นแต่ก็ไม่หายขาด', 'โรคข้ออักเสบรูมาตอยด์นี้ หากปล่อยทิ้งไว้โดยไม่ได้รับการรักษาอย่างถูกวิธี ข้อจะถูกทำลายจนผุกร่อนและเสียความสมดุล ทำให้เสียสมดุลของกล้ามเนื้อที่ล้อมรอบดึงรั้งข้อจนเกิดความพิการได้']"
Rotator Cuff Tear,เอ็นข้อไหล่ฉีก (rotator cuff) - กระดูก,1,['มีการปวดซ้ำๆ ซึ่งทำให้ข้อไหล่เคลื่อนไหวได้อย่างจำกัด มีเสียงเสียดสีหรือกรอบแกรบเมื่อขยับข้อไหล่ กล้ามเนื้ออ่อนแรง การปวดไหล่ในเวลานอน/กลางคืน หรือปวดมากเมื่อมีกิจกรรมเหนือศีรษะ (overhead activity) ถือเป็นอาการสำคัญที่ต้องคิดถึงภาวะเอ็นหมุนข้อไหล่ฉีกขาดมากที่สุด']
Scoliosis,โรคกระดูกสันหลังคด (Scoliosis),5,"['ไหล่ไม่เท่ากัน', 'กระดูกสะบักนูนไม่เท่ากัน', 'เอวไม่เสมอกัน', 'สะโพกสองข้างสูงต่ำไม่เท่ากัน', 'หากผู้ป่วยมีอาการรุนแรงมากขึ้น กระดูกสันหลังนอกจากจะโค้งไปทางด้านใดด้านหนึ่งแล้ว ยังอาจหมุนหรือบิดตัว ทำให้ซี่โครงด้านหนึ่งยื่นออกมามากกว่าอีกด้านหนึ่ง เห็นเป็นก้อนนูนทางด้านหลังได้']"
Scoliosis,โรคกระดูกสันหลังคด (Scoliosis),4,"['ถึงแม้ผู้ป่วยส่วนใหญ่มีอาการไม่มาก แต่อาจมีอาการแทรกซ้อนจากโรคกระดูกสันหลังคดได้ เช่น', 'ปอดและหัวใจทำงานได้ไม่เต็มที่ เกิดเฉพาะในผู้ป่วยที่มีกระดูกสันหลังคดรุนแรง กระดูกสันหลังผิดรูปมาก กระดูกซี่โครงอาจผิดรูปตามไปด้วย ทำให้ปอดและหัวใจทำงานได้ไม่เต็มที่ เหนื่อยง่ายกว่าปกติ', 'ปัญหาเกี่ยวกับหลังผู้ใหญ่ที่มีปัญหากระดูกสันหลังคดตั้งแต่เด็กมีแนวโน้มว่าจะมีอาการปวดหลังเรื้อรังมากกว่าคนปกติทั่วไป', 'ปัญหาเกี่ยวกับรูปลักษณ์เมื่ออาการของโรคแย่ลง สามารถสังเกตเห็นได้ชัดเจนยิ่งขึ้นว่าไหล่และสะโพกไม่เท่ากัน ซี่โครงยื่นออกมาผิดปกติ เอวและลำตัวเบี้ยว ซึ่งทำให้ผู้ป่วยกังวลเกี่ยวกับรูปลักษณ์ของตนเอง']"
Seborrheic Keratosis,กระเนื้อ - ผิวหนัง,2,"['เริ่มจากเป็นจุดราบสีน้ำตาลอ่อน ต่อมาอาจนูนขึ้น มีขุยสะเก็ด พบที่บริเวณนอกร่มผ้าแต่ก็อาจพบที่อื่นได้ บางครั้งอาจรวมกันเป็นปื้น', 'หากสงสัย ควรพบแพทย์ อย่าสรุปอาการเองว่าเป็นกระเนื้อ เนื่องจากผิวหนังลักษณะคล้ายกันนี้อาจเป็นมะเร็งหรืออาการร้ายแรงอย่างอื่นได้']"
Shoulder Instability,ข้อไหล่เคลื่อนหลุด,1,['มีอาการปวด ข้อไหล่หลุดบ่อย หรือรู้สึกว่าขยับไหล่ไม่ได้ รู้สึกอยู่เสมอว่าไหล่หลวม ไม่มีความมั่นคงทำให้มีความกังวลในการทำกิจกรรมบางอย่าง เช่น overhead activity']
Sinusitis (Sinus Infection),โรคไซนัสอักเสบ - จมูก,1,['อาการหลักมี 3 อาการ ได้แก่ อาการคัดหรือแน่นจมูก มีน้ำมูกไหลออกมาทางรูจมูกด้านหน้า หรือไหลลงคอ รวมถึงมีอาการปวด หรือแน่นบริเวณใบหน้า อาจมีการรับกลิ่นเสียไป เมื่อตรวจดูภายในโพรงจมูก มีการอุดตัน เนื้อเยื่อบวมหรืออาจพบมีริดสีดวงจมูก หรือหนองไหล']
Snoring,อาการนอนกรน,9,"['อาการนอนกรนและภาวะหยุดหายใจขณะหลับเกิดจากปัจจัยเสี่ยงหลายประการ ได้แก่', 'น้ำหนักเกิน พบว่าผู้ที่มีน้ำหนักมากจะมีทางเดินหายใจส่วนบนแคบกว่าผู้ที่มีน้ำหนักอยู่ในเกณฑ์ปกติ', 'มีอาการของโรคภูมิแพ้บริเวณจมูก', 'มีสันจมูกเบี้ยวหรือคด รูปหน้าหรือคางผิดปกติ เช่น คางเล็ก คางหลุบ', 'ต่อมทอนซิลโตขวางทางเดินหายใจ', 'ดื่มเครื่องดื่มแอลกอฮอล์ สูบบุหรี่เป็นประจำ', 'การรับประทานยาที่ทำให้เกิดอาการง่วง เช่น ยาแก้แพ้ ยานอนหลับ ยาคลายเครียด', 'ผู้ชายมีโอกาสนอนกรนมากกว่าผู้หญิง 6-10 เท่า', 'ผู้หญิงจะมีอาการนอนกรนเพิ่มขึ้นเมื่อเข้าวัยหมดประจำเดือน']"
Snoring,อาการนอนกรน,4,"['กรนเสียงดังมากจนรบกวนการนอนของผู้อื่น', 'กรนสลับกับหยุดหายใจเป็นช่วงๆ', 'กรนแล้วสะดุ้งเฮือกเพื่อหาอากาศหายใจ โดยที่ผู้นอนกรนอาจจะไม่ตื่นรู้สึกตัวเลย', 'ส่วนอาการร่วมอื่นๆ ได้แก่ ปัสสาวะกลางคืนบ่อยครั้ง รู้สึกไม่สดชื่นในตอนเช้าและพบว่ามีอาการวิงเวียน ปวดศีรษะ ง่วงมากผิดปกติในเวลากลางวัน หากพบว่ามีอาการดังกล่าว ควรปรึกษาแพทย์ผู้เชี่ยวชาญเพื่อรับการตรวจทางห้องปฏิบัติการการนอน และหาแนวทางในการรักษาที่เหมาะสมต่อไป']"
Snoring,อาการนอนกรน,7,"['การรักษาภาวะนอนกรนและหยุดหายใจขณะหลับสามารถทำได้หลายวิธี ได้แก่', 'ลดน้ำหนัก', 'ใช้เครื่องช่วยหายใจแรงดันบวกในทางเดินหายใจ(CPAP)เพื่อเปิดทางเดินหายใจที่ตีบแคบให้กว้างขึ้น', 'ใส่อุปกรณ์ดึงลิ้นหรือกรามให้เลื่อนไปด้านหน้า', 'จี้หรือผ่าตัดเพดานอ่อนและลิ้นไก่ด้วยเลเซอร์ หรือ Laser-assisted uvulopalatopharyngoplasty (LAUP)', 'ผ่าตัดเพดานในช่องปากหรือตัดกล้ามเนื้อบริเวณโคนลิ้น หรือ Uvulopalatopharyngoplasty (UPPPX)', 'ผ่าตัดเลื่อนกรามเพื่อให้ทางเดินหายใจกว้างขึ้น']"
Spinal Stenosis,โรคโพรงกระดูกสันหลังตีบแคบ,2,"['อาการที่หลัง:ปวดหลังเรื้อรังอาการปวดมักอยู่ที่ส่วนกลางของเอวและมักเป็นมากขึ้นในท่ายืน เดิน หรือเมื่อมีการแอ่นหลังไปด้านหลังมากๆ', 'อาการที่ขา:อาการแสดงที่ขามีได้ 3 แบบ คือ อาการปวด ชา หรือการอ่อนแรงของกล้ามเนื้อ ผู้ป่วยมักอธิบายอาการปวดว่ามีอาการปวดหน่วง ขาหนัก ชาขา หรือรู้สึกเหมือนมีมดไต่ไปตามขา โดยเฉพาะเมื่อมีการเดินหรือยืนนานๆ และอาการมักบรรเทาได้ด้วยการก้มโค้งหลังหรือมีการนั่งพัก เนื่องจากในท่ายืนและท่าเดินนั้นโพรงประสาทจะแคบกว่าในท่าก้มโค้งหลัง ผู้ป่วยบางรายให้ประวัติว่าไม่สามารถเดินซื้อของนานๆ ได้ต้องมีการนั่งพักเป็นระยะๆ บางรายมีอาการมาก เพียงยืนอาบน้ำหรือแปรงฟันก็ทำให้เกิดอาการได้']"
Spondylolisthesis,โรคกระดูกสันหลังเคลื่อน,2,"['อาการที่หลัง:ปวดหลังเรื้อรังมักเกิดอาการในขณะที่มีการขยับหลังมาก เช่น การก้ม เงย หรือเดิน', 'อาการที่ขา:ปวด ชา หนักที่บริเวณสะโพกหรือต้นขา 2 ข้าง อาการจะเป็นมากขณะเดิน และอาการจะบรรเทาเมื่อมีการก้มโค้งหลังหรือได้นั่งพัก ผู้ป่วยจะรู้สึกว่าระยะทางที่เดินได้จะสั้นลงเรื่อยๆ หากโพรงประสาทตีบแคบมากอาจทำให้การควบคุมการขับถ่ายอุจจาระ/ปัสสาวะเสียไปได้']"
Sports injuries,การบาดเจ็บทางระบบกล้ามเนื้อและกระดูกจากการเล่นกีฬา,11,"['อาการบาดเจ็บจากกิจกรรมกีฬามีอยู่สองประเภทคือ', 'การบาดเจ็บแบบเฉียบพลันที่เกิดขึ้นระหว่างการเล่นกีฬาหรือการออกกำลังกาย', 'การบาดเจ็บเรื้อรังที่ผู้ป่วยยังคงมีอาการเจ็บปวดหลังจากการเล่นกีฬาหรือออกกำลังกายเป็นระยะเวลานาน', 'การบาดเจ็บจากกีฬากิจกรรมที่พบได้บ่อยมีดังนี้', 'กล้ามเนื้อฉีกขาด อาการแพลง อาการเคล็ดขัดยอก', 'การบาดเจ็บที่หัวเข่า', 'กล้ามเนื้อบวม', 'เอ็นร้อยหวายอักเสบ', 'อาการปวดแข้ง', 'กระดูกแตกหัก', 'ข้อเคลื่อน ข้อหลุด']"
Stomach Cancer,มะเร็งกระเพาะอาหาร - มะเร็ง |,13,"['ในระยะแรกของโรคมะเร็งกระเพาะอาหารอาจไม่มีอาการแสดง แต่เมื่อระยะของโรคมีการพัฒนาขึ้น ก็อาจทำให้มีอาการคล้ายโรคอื่นๆ เช่น โรคแผลในกระเพาะอาหาร โรคไวรัสลงกระเพาะได้ ซึ่งหากมีอาการผิดปกติเหล่านี้ควรรีบปรึกษาแพทย์', 'รู้สึกอาหารไม่ย่อยหรือรู้สึกไม่สบายท้อง', 'ท้องอืดหลังรับประทานอาหาร', 'คลื่นไส้เล็กน้อย', 'ไม่อยากรับประทานอาหาร', 'มีอาการแสบร้อนบริเวณหน้าอก', 'ในกรณีที่ผู้ป่วยมีอาการลุกลามขึ้น อาจมีอาการดังต่อไปนี้', 'รู้สึกไม่สบายท้องโดยเฉพาะช่องท้องบริเวณส่วนบนและตรงกลาง', 'มีเลือดปนในอุจจาระ', 'อาเจียน โดยอาจมีอาเจียนเป็นเลือดได้', 'น้ำหนักตัวลดลง', 'ปวดท้องหรือท้องอืดหลังรับประทานอาหาร', 'อ่อนเพลีย']"
Strabismus (Crossed Eyes),ตาเข - ตา,3,"['ตาดูไม่ตรง หรือ 2 ข้าง ทำงานไม่ประสานกัน อาจเป็น 1 ข้าง หรือ 2 ข้าง อาจเป็นตลอดเวลาหรือบางครั้ง', 'มีการเปลี่ยนแปลงของระดับการมองเห็น มักเกิดในโรคตาเขในเด็ก โดยเกิดจากการไม่ได้ใช้งานของข้างนั้นเพื่อหลีกเลี่ยงภาพซ้อน จนมีการลดลงของระดับการมองเห็นอย่างถาวรหรือที่เรียกว่า “ สายตาขี้เกียจ”', 'เห็นภาพซ้อน มักเกิดขึ้นในโรคตาเขที่เป็นมาภายหลัง ไม่ใช่ตั้งแต่เกิด']"
Stress,ภาวะเครียด - สุขภาพจิต,12,"['นอกจากความรู้สึกที่บ่งบอกว่าเครียดแล้ว เมื่อรู้สึกเครียดมากยังทำให้เกิดอาการอื่นๆได้ เช่น', 'ปวดหัว ปวดตามร่างกาย', 'ลำไส้ทำงานปั่นป่วน มีปัญหาการย่อยอาหาร ท้องเสีย', 'ใจสั่นง่าย เหงื่อออก', 'อ่อนล้า ไม่อยากทำอะไร', 'ความดันโลหิตสูง', 'ระบบภูมิคุ้มกันอ่อนแอ', 'โรคหัวใจ', 'โกรธ หงุดหงิดง่าย ร้องไห้ง่าย', 'ไม่มีสมาธิ', 'รู้สึกซึมเศร้า', 'รู้สึกวิตกกังวล']"
Stye,ตากุ้งยิง - ตา,1,['เมื่อเกิดอาการตากุ้งยิง เริ่มแรกจะมีอาการเจ็บๆ คันๆ บริเวณเปลือกตา ต่อมาจะเริ่มบวมแดงและเริ่มรู้สึกปวดบริเวณเปลือกตา หากกดลงไปบริเวณก้อนจะรู้สึกเจ็บ จะเริ่มเห็นเป็นหัวฝีหรือหัวหนองภายใน 4-5 วัน หลังจากนั้นหนองจะแตกและยุบไป ในกรณีที่หนองออกไม่หมดจะเกิดเป็นก้อนแข็งเป็นไตที่เปลือกตา ซึ่งจะค้างอยู่เช่นนั้นเป็นเวลานาน และอาจกลับมาอักเสบขึ้นอีกได้เป็นครั้งคราว']
Syphilis,โรคซิฟิลิส,4,"['แบ่งออกเป็น 3 ระยะ ดังนี้', 'ระยะที่ 1: เมื่อได้รับเชื้อ บริเวณที่ได้รับเชื้อ เช่น ที่บริเวณอวัยวะสืบพันธุ์ภายนอก ริมฝีปาก ลิ้น ต่อมทอนซิล หัวนม จะเริ่มมีตุ่มเล็กๆ ขนาดประมาณ 2-4 มิลลิเมตร จากนั้นจะเริ่มขยายออก มีขนาดใหญ่ขึ้นเรื่อยๆ และจะแตกออก กลายเป็นแผลที่กว้างขึ้น เป็นรูปไข่หรือวงรี ขอบมีลักษณะเรียบและแข็ง แผลมีลักษณะสะอาด บริเวณก้นแผลแข็ง มีลักษณะคล้ายกระดุม ไม่มีอาการเจ็บปวด ต่อจากนั้นเชื้อจะเข้าไปอยู่ที่ต่อมน้ำเหลืองบริเวณขาหนีบ ส่งผลให้มีต่อมน้ำเหลืองที่ขาหนีบโต เมื่อทิ้งไว้แผลสามารถหายไปได้เองโดยไม่ต้องรักษา ระยะนี้เป็นระยะที่ยังไม่แสดงอาการ', 'ระยะที่ 2: จะพบหลังการเป็นโรคระยะแรก 2-3 สัปดาห์ เชื้อซิฟิลิสจะเข้าไปตามต่อมน้ำเหลืองทั่วร่างกาย เช่น บริเวณหลังหู หลังขาหนีบและขาพับ และเข้าไปสู่กระแสเลือด รวมทั้งกระจายไปตามอวัยวะต่างๆ ของร่างกาย ทำให้เกิดผื่นขึ้นตามร่างกาย หรือเรียกว่า “ระยะออกดอก” ผื่นที่พบมีความแตกต่างจากโรคอื่น เพราะผู้ป่วยจะมีผื่นขึ้นที่บริเวณฝ่ามือด้วยและไม่มีอาการคัน ผื่นมีลักษณะเป็นตุ่มนูน และอาจพบมีเนื้อตายจากผื่นเป็นหย่อมๆ อาจพบอาการอื่นร่วมด้วย เช่น เจ็บคอ ปวดเมื่อยตามข้อ ผมร่วงทั่วศีรษะหรือเป็นหย่อม ถ้าตรวจเลือดจะพบเลือดบวก “เลือดบวกซิฟิลิส” อาการเหล่านี้อาจหายไปเองแม้ไม่ได้รับการรักษา แต่เชื้อซิฟิลิสยังคงอยู่ในร่างกาย ผู้ป่วยบางรายอาจไม่มีผื่นขึ้นเลยแต่อาจมีอาการไข้ เจ็บคอ ปวดเมื่อยตามข้อ ผมร่วงทั่วศีรษะหรือร่วงเป็นหย่อมๆ เมื่อทำการตรวจเลือดในระยะนี้จะพบว่ามีผลบวกของเลือดสูงมาก ถ้าผู้ป่วยยังไม่ได้รับการรักษาโรคจะอยู่ใน ""ระยะสงบ"" โดยเชื้อจะไปหลบซ่อนตามอวัยวะต่างๆ ในร่างกาย และไม่แสดงอาการได้นานหลายปี เพียงแต่ตรวจเลือดให้ผลบวกเท่านั้น', 'ระยะที่ 3: เป็นระยะสุดท้ายของโรคหรือระยะแฝง มักเกิดขึ้นประมาณ 3-10 ปีหลังจากได้รับเชื้อ โดยมีอาการตามระบบต่างๆ ของร่างกาย เช่น ตาบอด เนื้อจมูกถูกทำลายจนเป็นรอยโหว่ หูหนวก ใบหน้าผิดรูป กระดูกผุบาง อาจมีสติปัญญาเสื่อม บางรายอาจมีการแสดงออกที่ผิดปกติคล้ายคนเสียสติ ถ้าเชื้อไปอยู่ที่หัวใจจะทำให้หัวใจมีความผิดปกติ ลิ้นหัวใจรั่ว ทำให้เกิดความเสี่ยงต่อภาวะหัวใจวายได้ ถ้าเชื้อเข้าไปอยู่ที่ไขสันหลังจะทำให้เป็นอัมพาตและมีความเสี่ยงต่อการเสียชีวิตได้']"
Systemic Lupus Erythematosus (SLE),เอสแอลอี (SLE) - โรคแพ้ภูมิตัวเอง - ลูปัส,18,"['อาการของโรคนี้จะแตกต่างกันไปในผู้ป่วยแต่ละรายตั้งแต่ไม่รุนแรงจนกระทั่งรุนแรงมาก ในผู้ป่วยบางรายจะได้รับผลกระทบเพียงบางส่วนของร่างกาย เช่น ผิวหนัง แต่ในอีกหลายๆ รายอาจได้รับผลกระทบทุกส่วน ทั้งนี้แม้อาการของโรคนี้อาจเป็นอาการเรื้อรัง แต่การกำเริบอาจเกิดขึ้นเป็นบางช่วงเท่านั้น', 'อาการทั่วไป เช่น', 'ข้อบวม และ/หรือปวด', 'มีไข้', 'มีผื่นขึ้นบริเวณผิวหนังที่ได้รับแสงแดด โดยเฉพาะบริเวณจมูกและแก้ม', 'อ่อนแรงมาก', 'ผมร่วง', 'เจ็บหน้าอก หายใจลำบาก มีอาการเจ็บที่ชายโครงเวลาหายใจเข้า', 'ไตอักเสบ ปัสสาวะมีเลือดปนหรือมีฟองมากผิดปกติ', 'ความดันโลหิตสูง', 'ภาวะเลือดจางหรือมีความผิดปกติของเม็ดเลือดขาวหรือเกล็ดเลือด', 'ไวต่อแสงแดด', 'แผลเปื่อยบริเวณจมูกหรือปาก', 'ต่อมน้ำเหลืองบวมโต', 'ปวดศีรษะ สับสน ลมชัก', 'กล้ามเนื้ออักเสบ มีอาการกล้ามเนื้ออ่อนแรง', 'เยื่อบุรอบปอดอักเสบ หัวใจอักเสบ', 'ตาแห้ง ปากแห้งเรื้อรัง']"
Tachycardia,หัวใจเต้นเร็ว - โรคหัวใจ,7,"['เวียนศีรษะ', 'หน้ามืด', 'ตาลาย', 'ใจสั่น', 'หายใจติดขัด', 'เจ็บแน่นบริเวณหน้าอก', 'เป็นลม หมดสติ']"
Tennis elbow/Golfer’s elbow,ข้อศอกนักเทนนิส /ข้อศอกนักกอล์ฟ,1,['มีอาการปวด กดเจ็บ เกร็ง และตึง รอบข้อศอก']
Thalassemia,โรคโลหิตจาง - ธาลัสซีเมีย,2,"['กลุ่มผู้ที่เป็นโรค อาการของธาลัสซีเมียจะรุนแรงแตกต่างกันไปตามประเภทของธาลัสซีเมียที่เป็น โดยอาการของโรคสามารถแบ่งตามระดับความรุนแรงได้ตั้งแต่ชนิดที่มีความรุนแรงน้อยไปจนถึงชนิดที่มีอาการรุนแรงมาก', 'กลุ่มผู้ที่ไม่มีอาการ เกือบทั้งหมดของผู้ที่เป็นพาหะของโรคจะมีสุขภาพร่างกายแข็งแรงเช่นเดียวกับคนปกติทั่วไป แต่มียีนธาลัสซีเมียแฝงอยู่ในร่างกายและอาจถ่ายทอดไปสู่ลูกได้']"
Thrombocytopenia (Low Platelet Count),ภาวะเกล็ดเลือดต่ำ,4,"['พบจุดเลือดออกหรือจ้ำเลือดตามร่างกาย โดยไม่ได้รับการกระทบกระแทก', 'พบเลือดออกจากเยื่อบุช่องปาก', 'ปัสสาวะหรืออุจจาระเป็นเลือด', 'มีเลือดออกตามอวัยวะต่างๆ']"
Thrombocytopenia (Low Platelet Count),ภาวะเกล็ดเลือดต่ำ,10,"['เลือดออกในช่องปากหรือเหงือก', 'เลือดกำเดาไหล', 'เลือดออกทางช่องคลอด', 'อาเจียนเป็นเลือด', 'พบจุดจ้ำเลือดตามตัวโดยที่ไม่ใช่จากการเกิดอุบัติเหตุหรือกระทบกระแทก', 'พบจุดเลือดออกเล็กๆ ใต้ผิวหนัง', 'ปัสสาวะหรืออุจจาระมีเลือดปน', 'ปวดศีรษะตลอดเวลา', 'ตาพร่ามัว', 'ปวดท้อง']"
Traveling and Heart Disease,โรคหัวใจกับการเดินทาง,15,"['ก่อนวันเดินทาง', 'ระหว่างเดินทาง', 'หลังการเดินทาง', 'พักผ่อนให้เพียงพอ', 'เดินออกกำลังเบาๆ', 'รับประทานอาหารไขมันต่ำ', 'งดบริโภคผลิตภัณฑ์ที่มีคาเฟอีน', 'ทำจิตใจให้สงบ ไม่เครียด', 'ควรดื่มน้ำเปล่าหรือน้ำผลไม้', 'งดเครื่องดื่มที่มีแอลกอฮอล์หรือคาเฟอีน', 'ไม่รับประทานอาหารตลอดเวลา', 'ขยับขาบ่อยๆ เพื่อให้เกิดการไหลเวียนโลหิตดีขึ้น หรือลุกมาเดินในห้องโดยสารทุกๆ ชั่วโมง', 'หลับตามเวลาท้องถิ่น', 'เดินออกกำลังเบาๆ', 'อาบน้ำอุ่นก่อนนอน']"
Uterine Fibroids,เนื้องอกมดลูก,10,"['ขึ้นอยู่กับชนิด ขนาดและตำแหน่งที่เนื้องอกเจริญเติบโตขึ้น เนื้องอกขนาดใหญ่ก่อให้เกิดอาการดังต่อไปนี้', 'อาการที่พบบ่อยที่สุดคือ ประจำเดือนมามากและนานกว่าปกติ ในบางคนอาจจะมีเลือดออกนานถึง 2 สัปดาห์', 'อาการปวดหน่วงตรงท้องน้อยหรือบริเวณหลัง หรือปวดเหมือนการปวดประจำเดือนที่มากหรือนานกว่าปกติ', 'อาจคลำได้หรือรู้สึกได้ว่ามีก้อนเกิดขึ้นตรงบริเวณท้องน้อย หากก้อนโตมากๆ อาจดูเหมือนมีการตั้งครรภ์ในขณะที่ประจำเดือนยังมาตามปกติ', 'เนื่องจากมดลูกอยู่ด้านหลังกระเพาะปัสสาวะ ดังนั้นก้อนเนื้อของมดลูกอาจทำให้เกิดการปัสสาวะเล็ด ปัสสาวะบ่อยขึ้น กลั้นปัสสาวะไม่อยู่ โดยเฉพาะเวลาที่นอนราบลง', 'อาจมีอาการหน่วงท้องและมีอาการท้องผูก หากก้อนเนื้อกดลงบนลำไส้ใหญ่', 'อาการแน่นท้องจากก้อนที่โตเร็ว สงสัยการเปลี่ยนแปลงเป็นมะเร็ง โดยทั่วๆ ไปเป็นมะเร็งกล้ามเนื้อมดลูก แต่พบน้อยมาก', 'อาการที่พบแต่ไม่บ่อย เช่น เจ็บเวลามีเพศสัมพันธ์', 'ภาวะมีบุตรยาก', 'แท้งบุตรง่าย']"
Uveitis,ภาวะม่านตาอักเสบ - ตา,7,"['ในกรณีของภาวะม่านตาอักเสบส่วนหน้า ผู้ป่วยมักมีอาการดังต่อไปนี้ คือ', 'ตาแดงโดยเฉพาะบริเวณใกล้กับขอบกระจกตาดำ มักไม่มีขี้ตา แต่อาจมีน้ำตาไหลได้', 'ตามัวลง แต่จะมากหรือน้อยขึ้นอยู่กับความรุนแรงของการอักเสบและภาวะแทรกซ้อน', 'สู้แสงไม่ได้', 'ปวดตา', 'เห็นจุดลอยไปมา', 'ส่วนภาวะม่านตาอักเสบที่สัมพันธ์กับโรคทางกายอื่นๆ ก็จะมีอาการของโรคนั้นๆ ร่วมด้วย เช่น ปวดหลังจากโรคของกระดูกและข้อ ดังนั้นผู้ป่วยอาจได้รับการวินิจฉัยโรคอื่นก่อนแล้วจึงมีอาการของม่านตาอักเสบ หรือในทางตรงกันข้ามอาจเกิดภาวะม่านตาอักเสบก่อนแล้วพบว่ามีโรคอื่นที่สัมพันธ์กัน']"
Venous Thromboembolism: VTE,ภาวะลิ่มเลือดอุดตันในหลอดเลือดดำ,13,"['อาการของภาวะลิ่มเลือดอุดตันในหลอดเลือดดำส่วนลึก', 'ปวดที่ขาหรือน่อง', 'บวมที่แขน ขา หรือข้อเท้า', 'หลอดเลือดแข็ง ปวดเมื่อกดลงไป', 'สีผิวที่ขาเปลี่ยนเป็นสีเขียวช้ำ', 'สีผิวที่ขาเป็นสีแดงหรือซีด', 'รู้สึกอุ่นร้อนบริเวณขาด้านที่เป็นเนื่องจากหลอดเลือดขยายตัว', 'อาการของภาวะลิ่มเลือดอุดตันในปอด', 'หายใจลำบาก', 'เจ็บหน้าอก', 'หัวใจเต้นเร็ว ไม่สม่ำเสมอ', 'ไอ', 'วิงเวียนศีรษะ']"
Vertigo,เวียนศีรษะแบบรู้สึกหมุน,7,"['สาเหตุที่สำคัญที่ทำให้เกิดอาการเวียนศีรษะบ้านหมุนคือ ความผิดปกติของอวัยวะการทรงตัวในหูชั้นใน ซึ่งมีหลายโรคที่สามารถก่อให้เกิดอาการนี้ได้ อาทิ', 'โรคหินปูนในหูชั้นในเคลื่อนหรือโรคเวียนศีรษะขณะเปลี่ยนท่า (benign paroxysmal positional vertigo หรือ BPPV)', 'โรคเวียนศีรษะจากน้ำในหูชั้นในผิดปกติหรือโรคน้ำในหูไม่เท่ากัน (Meniere’s disease)', 'โรคเส้นประสาทการทรงตัวในหูอักเสบ (vestibular neuronitis)', 'การอักเสบของหูชั้นใน (labyrinthitis)', 'โรคเนื้องอกของประสาทการทรงตัวหรือเส้นประสาทการได้ยิน (acoustic neuroma)', 'กระดูกกะโหลกแตกหัก (temporal bone fracture)']"
Vertigo,เวียนศีรษะแบบรู้สึกหมุน,1,['อาการหลัก ได้แก่ อาการเวียนศีรษะแบบหมุน เอียง หรือโคลงเคลง มีความรู้สึกเหมือนเมารถเมาเรือ เป็นๆ หายๆ ไม่ได้เป็นตลอดเวลา และอาจมีอาการร่วมอื่นๆ เช่น คลื่นไส้ อาเจียน มีความรู้สึกเหมือนจะเป็นลม หูอื้อ มีเสียงในหู สูญเสียการได้ยิน มองเห็นภาพไม่ชัดในขณะที่มีการเคลื่อนไหว เป็นต้น']
Vertigo,เวียนศีรษะแบบรู้สึกหมุน,13,"['การซักประวัติอย่างละเอียด', 'อาการเวียนศีรษะ เช่น ลักษณะของอาการเวียนศีรษะ อาการร่วม (เช่น คลื่นไส้ อาเจียน) ระยะเวลาและช่วงเวลาที่มีอาการ รวมถึงอาการร่วมทางหู (เช่น อาการหูอื้อหรือมีเสียงรบกวนในหู)', 'ประวัติสุขภาพ เช่น โรคประจำตัว ประวัติโรคทางหู ประวัติการได้รับอุบัติเหตุ ประวัติการผ่าตัดต่างๆ ประวัติการใช้ยาประจำ', 'การตรวจร่างกาย เช่น', 'การตรวจหูอย่างละเอียด', 'การตรวจระบบประสาทและการทรงตัว', 'การตรวจการทำงานของอวัยวะการทรงตัวในหูชั้นใน (videoelectronystagmography: VNG)', 'การตรวจดูการกลอกของลูกตาและการเคลื่อนไหวของลูกตาในท่าทางต่างๆ', 'การตรวจพิเศษเพิ่มเติม (เมื่อสงสัยว่ามีความผิดปกติของการทำงานในหูชั้นใน) เช่น', 'การตรวจการได้ยิน (audiogram)', 'การตรวจการทำงานของอวัยวะทรงตัวของหูชั้นใน (electronystagmography)', 'การตรวจการทำงานของเส้นประสาทการได้ยิน (evoke response audiometry)', 'การตรวจพิเศษทางรังสี (ในรายที่สงสัยว่าอาจมีเนื้องอกของเส้นประสาทการทรงตัวหรือความผิดปกติสมอง) เช่น ตรวจเอกซเรย์คอมพิวเตอร์สมอง (CT scan) หรือตรวจด้วยคลื่นแม่เหล็กไฟฟ้า (MRI)']"
Vertigo,เวียนศีรษะแบบรู้สึกหมุน,1,['เนื่องจากอาการเวียนศีรษะบ้านหมุนเกิดได้จากหลายสาเหตุ การรักษาจะขึ้นกับสาเหตุที่ก่อให้เกิดอาการ ซึ่งแพทย์จะพิจารณาแนวทางการรักษาที่เหมาะสมสำหรับผู้ป่วยแต่ละราย']
Vertigo,เวียนศีรษะแบบรู้สึกหมุน,4,"['หลีกเลี่ยงท่าทางที่ทำให้เกิดอาการเวียนศีรษะในระหว่างเกิดอาการ เช่น การหมุนหันศีรษะเร็วๆ การเปลี่ยนแปลงท่าทางอิริยาบถอย่างรวดเร็ว การก้มเงยคอหรือหันอย่างเต็มที่', 'ลดปริมาณหรืองดการสูบบุหรี่/ดื่มกาแฟ', 'หลีกเลี่ยงปัจจัยกระตุ้นที่ทำให้เกิดอาการเวียนศีรษะ เช่น ความเครียด ความวิตกกังวล สารก่อภูมิแพ้ต่างๆ และการพักผ่อนไม่เพียงพอ', 'ไม่ควรอยู่ในสถานการณ์ที่เสี่ยงต่อการเกิดอุบัติเหตุ เช่น การขับรถในขณะยังมีอาการ การปีนป่ายที่สูง']"
Viral Hepatitis,ไวรัสตับอักเสบ - ตับ,1,['อาการที่พบได้บ่อย คือ อ่อนเพลีย ปวดเมื่อยตามตัว ปวดกล้ามเนื้อ ปวดข้อ คลื่นไส้ อาเจียน เบื่ออาหาร มีไข้ ปวดศีรษะ ซึ่งอาการดังกล่าวจะคล้ายกับอาการของไข้หวัดหรือไข้หวัดใหญ่ ทำให้เกิดความเข้าใจผิดได้ บางรายอาจมีอาการปวดมวนในท้อง ปวดบริเวณชายโครงขวา อุจจาระมีสีซีดและปัสสาวะสีเหลืองเข้มผิดปกติ หรือพบอาการตัวเหลือง ตาเหลือง หรือ “ดีซ่าน” ซึ่งผู้ป่วยบางรายอาจไม่มีอาการดีซ่านเลยก็ได้ อาการตัวเหลือง ตาเหลืองนี้จะหายไปภายใน 1-4 สัปดาห์ แต่บางรายอาจเป็นมากและมีอาการคันตามผิวหนังด้วย อาจเป็นนาน 2-3 เดือนได้ ผู้ป่วยส่วนใหญ่จะหายเป็นปกติ ยกเว้นบางรายโดยเฉพาะไวรัสตับอักเสบบี พบว่าประมาณร้อยละ 5-10 อาจกลายเป็นพาหะของไวรัส และในไวรัสตับอักเสบซีกลายเป็นโรคเรื้อรังมากกว่าร้อยละ 85']
Vitreous Degeneration,น้ำวุ้นลูกตาเสื่อม - ตา,1,['ผู้ป่วยจะเห็นเส้นใยหรือจุดดำๆ ลอยไปมา (floaters) ซึ่งจะเห็นชัดขึ้นเวลามองพื้นสีขาว ท้องฟ้าหรือทะเล']
Warts,หูด-หูดเม็ดข้าวสุก - ผิวหนัง,2,"['หูด มีอาการเริ่มจากตุ่มแบน ต่อมานูนหนาขึ้น ผิวขรุขระ บนพื้นผิวหูดนั้นอาจสังเกตเห็นจุดเล็กๆ สีดำ แต่ในบริเวณที่มีการกดทับ หูดอาจมีลักษณะหนาแต่ผิวราบได้ เช่น บริเวณฝ่าเท้า เป็นต้น', 'หูดเม็ดข้าวสุก (molluscum contagiosum) มีลักษณะเป็นตุ่มนูน ตรงกลางบุ๋ม มักพบในเด็กหรือผู้ที่มีภูมิคุ้มกันบกพร่อง']"
Zika Virus and Pregnancy,โรคไข้ซิกากับการตั้งครรภ์,10,"['ระยะฟักตัวของโรคไข้ซิกาใช้เวลาประมาณ 3-12 วัน อาการของโรคคล้ายกับโรคที่เกิดจากอาร์โบไวรัส (Arbovirus) ซึ่งเป็นเชื้อไวรัสที่มียุงเป็นพาหะนำโรค เช่น โรคไข้สมองอักเสบ โรคไข้เหลือง และโรคไข้เลือดออก', 'หญิงตั้งครรภ์ที่มีการติดเชื้อมีเพียง 1 ใน 4 คนเท่านั้นที่แสดงอาการ ส่วนใหญ่อาการไม่รุนแรง อาการเป็นอยู่ประมาณ 2-7 วัน เช่น', 'มีไข้', 'มีผื่นแดงบริเวณลำตัว แขนขา', 'อ่อนเพลีย', 'ปวดศีรษะ ปวดกล้ามเนื้อ ปวดข้อ ปวดหลัง', 'ข้อบวม', 'ต่อมน้ำเหลืองโต', 'เยื่อบุตาอักเสบ (แต่ไม่มีขี้ตา)', 'อุจจาระร่วง']"
